"","WBIC","LAKE_NAME","UNIQUE_ID","BRANCH","TOUCH_SHORE","IN_WATER","LATITUDE","LONGITUDE"
"1",1629500,"Big Portage Lake",1629500118,0,1,0,46.125515,-89.279044
"2",1629500,"Big Portage Lake",1629500218,0,1,0,46.125281,-89.280157
"3",1629500,"Big Portage Lake",1629500318,0,1,1,46.12438,-89.281463
"4",1629500,"Big Portage Lake",1629500418,0,1,0,46.123907,-89.282197
"5",1629500,"Big Portage Lake",1629500518,1,0,1,46.123881,-89.282261
"6",1629500,"Big Portage Lake",1629500618,0,1,1,46.123928,-89.282626
"7",1629500,"Big Portage Lake",1629500718,0,1,1,46.124447,-89.283118
"8",1629500,"Big Portage Lake",1629500818,1,0,1,46.12456,-89.283319
"9",1629500,"Big Portage Lake",1629500918,0,1,1,46.123848,-89.284839
"10",1629500,"Big Portage Lake",16295001018,0,1,1,46.123803,-89.28484
"11",1629500,"Big Portage Lake",16295001118,0,1,0,46.123115,-89.284808
"12",1629500,"Big Portage Lake",16295001218,0,0,0,46.121803,-89.286362
"13",1629500,"Big Portage Lake",16295001318,0,1,1,46.120456,-89.286201
"14",1629500,"Big Portage Lake",16295001418,1,1,1,46.120448,-89.286136
"15",1629500,"Big Portage Lake",16295001518,0,1,0,46.120415,-89.286014
"16",1629500,"Big Portage Lake",16295001618,1,1,1,46.119167,-89.282143
"17",1629500,"Big Portage Lake",16295001718,1,1,0,46.116902,-89.280005
"18",1629500,"Big Portage Lake",16295001818,0,0,1,46.114566,-89.282054
"19",1629500,"Big Portage Lake",16295001918,0,0,1,46.114611,-89.282114
"20",1629500,"Big Portage Lake",16295002018,0,0,1,46.11475,-89.282301
"21",1629500,"Big Portage Lake",16295002118,0,0,1,46.114787,-89.28233
"22",1629500,"Big Portage Lake",16295002218,0,0,1,46.115652,-89.283111
"23",1629500,"Big Portage Lake",16295002318,0,0,1,46.115678,-89.283107
"24",1629500,"Big Portage Lake",16295002418,0,1,1,46.115814,-89.283176
"25",1629500,"Big Portage Lake",16295002518,0,1,1,46.115976,-89.283485
"26",1629500,"Big Portage Lake",16295002618,0,1,1,46.116132,-89.283626
"27",1629500,"Big Portage Lake",16295002718,0,1,1,46.116215,-89.283744
"28",1629500,"Big Portage Lake",16295002818,0,1,0,46.116244,-89.28378
"29",1629500,"Big Portage Lake",16295002918,0,1,1,46.116797,-89.284604
"30",1629500,"Big Portage Lake",16295003018,0,0,1,46.117621,-89.286443
"31",1629500,"Big Portage Lake",16295003118,1,1,1,46.118691,-89.286869
"32",1629500,"Big Portage Lake",16295003218,0,1,0,46.118722,-89.288436
"33",1629500,"Big Portage Lake",16295003318,2,1,1,46.118576,-89.288943
"34",1629500,"Big Portage Lake",16295003418,0,0,1,46.117641,-89.293122
"35",1629500,"Big Portage Lake",16295003518,0,0,1,46.117599,-89.293221
"36",1629500,"Big Portage Lake",16295003618,0,0,1,46.117462,-89.293404
"37",1629500,"Big Portage Lake",16295003718,0,1,0,46.117121,-89.294004
"38",1629500,"Big Portage Lake",16295003818,0,1,0,46.117105,-89.294036
"39",1629500,"Big Portage Lake",16295003918,0,1,1,46.117083,-89.294074
"40",1629500,"Big Portage Lake",16295004018,0,1,1,46.11706,-89.294107
"41",1629500,"Big Portage Lake",16295004118,0,0,1,46.116937,-89.294202
"42",1629500,"Big Portage Lake",16295004218,0,1,1,46.116826,-89.294378
"43",1629500,"Big Portage Lake",16295004318,0,0,1,46.116675,-89.295003
"44",1629500,"Big Portage Lake",16295004418,0,0,1,46.11672,-89.295745
"45",1629500,"Big Portage Lake",16295004518,0,1,0,46.116751,-89.295955
"46",1629500,"Big Portage Lake",16295004618,0,1,1,46.116801,-89.295977
"47",1629500,"Big Portage Lake",16295004718,0,1,1,46.116841,-89.29611
"48",1629500,"Big Portage Lake",16295004818,0,0,1,46.116859,-89.296248
"49",1629500,"Big Portage Lake",16295004918,2,1,0,46.1185,-89.29622
"50",1629500,"Big Portage Lake",16295005018,0,0,1,46.119625,-89.296482
"51",1629500,"Big Portage Lake",16295005118,1,1,1,46.119837,-89.296651
"52",1629500,"Big Portage Lake",16295005218,1,1,1,46.119872,-89.296684
"53",1629500,"Big Portage Lake",16295005318,1,1,1,46.120075,-89.297028
"54",1629500,"Big Portage Lake",16295005418,0,1,1,46.12089,-89.297738
"55",1629500,"Big Portage Lake",16295005518,0,1,1,46.121177,-89.297879
"56",1629500,"Big Portage Lake",16295005618,1,1,0,46.125472,-89.295971
"57",1629500,"Big Portage Lake",16295005718,0,1,0,46.125511,-89.295942
"58",1629500,"Big Portage Lake",16295005818,0,0,1,46.125843,-89.295891
"59",1629500,"Big Portage Lake",16295005918,2,1,0,46.125894,-89.295904
"60",1629500,"Big Portage Lake",16295006018,0,0,1,46.125946,-89.295901
"61",1629500,"Big Portage Lake",16295006118,0,1,0,46.125998,-89.295881
"62",1629500,"Big Portage Lake",16295006218,0,0,1,46.127252,-89.294215
"63",1629500,"Big Portage Lake",16295006318,0,1,1,46.126128,-89.292368
"64",1629500,"Big Portage Lake",16295006418,0,1,1,46.127011,-89.285335
"65",1629500,"Big Portage Lake",16295006518,0,0,1,46.127244,-89.284733
"66",1629500,"Big Portage Lake",16295006618,0,0,1,46.128273,-89.285787
"67",1629500,"Big Portage Lake",16295006718,0,1,1,46.128616,-89.286397
"68",1629500,"Big Portage Lake",16295006818,2,1,1,46.128705,-89.286677
"69",1629500,"Big Portage Lake",16295006918,1,1,0,46.129096,-89.287459
"70",1629500,"Big Portage Lake",16295007018,0,0,1,46.129205,-89.287575
"71",1629500,"Big Portage Lake",16295007118,0,0,1,46.132639,-89.287881
"72",1629500,"Big Portage Lake",16295007218,0,1,1,46.133517,-89.28524
"73",1629500,"Big Portage Lake",16295007318,0,1,0,46.132007,-89.273212
"74",1629500,"Big Portage Lake",16295007418,0,1,0,46.129953,-89.271974
"75",1629500,"Big Portage Lake",16295007518,1,1,1,46.129789,-89.271898
"76",1629500,"Big Portage Lake",16295007618,0,1,1,46.129732,-89.271905
"77",1629500,"Big Portage Lake",16295007718,0,1,0,46.127629,-89.272254
"78",1629500,"Big Portage Lake",16295007818,0,0,1,46.126761,-89.272139
"79",1629500,"Big Portage Lake",16295007918,1,0,0,46.12596,-89.27223
"80",1629500,"Big Portage Lake",16295008018,0,0,1,46.124812,-89.276156
"81",1629500,"Big Portage Lake",16295008118,2,1,1,46.124853,-89.276178
"82",1629500,"Big Portage Lake",16295008218,2,1,1,46.124923,-89.276206
"83",1629500,"Big Portage Lake",16295008318,2,1,1,46.12497,-89.276204
"84",1629500,"Big Portage Lake",16295008418,0,1,1,46.125072,-89.27622
"85",1629500,"Big Portage Lake",16295008518,0,1,1,46.125114,-89.276219
"86",1629500,"Big Portage Lake",16295008618,1,0,1,46.125233,-89.276255
"87",1629500,"Big Portage Lake",16295008718,0,0,1,46.12547,-89.276349
"88",1629500,"Big Portage Lake",16295008818,0,0,1,46.1255,-89.276345
"89",1629500,"Big Portage Lake",16295008918,0,0,1,46.125519,-89.276337
"90",1629500,"Big Portage Lake",16295009018,0,1,1,46.125535,-89.276326
"91",1629500,"Big Portage Lake",16295009118,1,1,1,46.125553,-89.27632
"92",1629500,"Big Portage Lake",16295009218,1,1,1,46.125568,-89.276314
"93",1629500,"Big Portage Lake",16295009318,2,1,0,46.125583,-89.276302
"94",1629500,"Big Portage Lake",16295009418,2,0,1,46.125649,-89.276275
"95",1629500,"Big Portage Lake",16295009518,2,0,1,46.125668,-89.276255
"96",1629500,"Big Portage Lake",16295009618,0,0,1,46.12568,-89.276246
"97",2328700,"Papoose Lake",2328700118,2,1,0,46.239973,-89.608273
"98",2328700,"Papoose Lake",2328700218,2,1,0,46.189443,-89.807065
"99",2328700,"Papoose Lake",2328700318,2,1,0,46.189489,-89.807045
"100",2328700,"Papoose Lake",2328700418,2,1,0,46.189607,-89.806955
"101",2328700,"Papoose Lake",2328700518,2,1,0,46.189604,-89.806958
"102",2328700,"Papoose Lake",2328700618,2,1,1,46.189706,-89.806899
"103",2328700,"Papoose Lake",2328700718,0,1,1,46.189773,-89.806855
"104",2328700,"Papoose Lake",2328700818,1,0,1,46.189865,-89.806802
"105",2328700,"Papoose Lake",2328700918,0,1,1,46.190219,-89.806553
"106",2328700,"Papoose Lake",23287001018,0,0,1,46.19039,-89.806473
"107",2328700,"Papoose Lake",23287001118,0,0,1,46.190857,-89.806235
"108",2328700,"Papoose Lake",23287001218,0,0,0,46.190862,-89.806262
"109",2328700,"Papoose Lake",23287001318,2,1,0,46.19099,-89.806049
"110",2328700,"Papoose Lake",23287001418,2,1,0,46.19115,-89.805817
"111",2328700,"Papoose Lake",23287001518,0,1,1,46.191167,-89.805814
"112",2328700,"Papoose Lake",23287001618,0,0,1,46.191208,-89.805778
"113",2328700,"Papoose Lake",23287001718,0,0,1,46.191666,-89.805455
"114",2328700,"Papoose Lake",23287001818,1,0,1,46.191786,-89.805366
"115",2328700,"Papoose Lake",23287001918,1,0,1,46.191846,-89.805355
"116",2328700,"Papoose Lake",23287002018,1,1,0,46.19194,-89.805281
"117",2328700,"Papoose Lake",23287002118,0,0,1,46.192111,-89.805284
"118",2328700,"Papoose Lake",23287002218,0,0,0,46.192174,-89.805305
"119",2328700,"Papoose Lake",23287002318,1,1,0,46.192305,-89.805279
"120",2328700,"Papoose Lake",23287002418,0,0,1,46.192321,-89.805272
"121",2328700,"Papoose Lake",23287002518,2,1,0,46.192457,-89.805209
"122",2328700,"Papoose Lake",23287002618,2,1,1,46.192453,-89.805223
"123",2328700,"Papoose Lake",23287002718,2,1,1,46.192473,-89.80524
"124",2328700,"Papoose Lake",23287002818,0,0,1,46.192524,-89.805219
"125",2328700,"Papoose Lake",23287002918,0,0,1,46.192549,-89.805218
"126",2328700,"Papoose Lake",23287003018,0,1,1,46.19262,-89.805203
"127",2328700,"Papoose Lake",23287003118,0,0,1,46.192669,-89.805195
"128",2328700,"Papoose Lake",23287003218,0,1,1,46.192676,-89.805186
"129",2328700,"Papoose Lake",23287003318,0,1,1,46.192685,-89.805188
"130",2328700,"Papoose Lake",23287003418,0,1,1,46.192768,-89.805144
"131",2328700,"Papoose Lake",23287003518,0,1,0,46.192848,-89.805083
"132",2328700,"Papoose Lake",23287003618,0,1,0,46.192857,-89.805069
"133",2328700,"Papoose Lake",23287003718,0,1,1,46.192864,-89.805059
"134",2328700,"Papoose Lake",23287003818,0,0,1,46.192877,-89.805049
"135",2328700,"Papoose Lake",23287003918,2,1,0,46.193021,-89.804982
"136",2328700,"Papoose Lake",23287004018,0,0,1,46.193038,-89.804893
"137",2328700,"Papoose Lake",23287004118,0,0,1,46.193076,-89.804847
"138",2328700,"Papoose Lake",23287004218,0,0,1,46.193141,-89.804728
"139",2328700,"Papoose Lake",23287004318,0,1,0,46.19319,-89.804629
"140",2328700,"Papoose Lake",23287004418,1,1,1,46.193189,-89.80464
"141",2328700,"Papoose Lake",23287004518,0,1,1,46.193228,-89.804509
"142",2328700,"Papoose Lake",23287004618,0,1,0,46.193237,-89.804496
"143",2328700,"Papoose Lake",23287004718,0,0,1,46.193261,-89.804407
"144",2328700,"Papoose Lake",23287004818,2,1,0,46.193281,-89.804247
"145",2328700,"Papoose Lake",23287004918,0,0,1,46.193302,-89.804176
"146",2328700,"Papoose Lake",23287005018,0,1,1,46.193414,-89.803957
"147",2328700,"Papoose Lake",23287005118,0,1,0,46.193497,-89.803806
"148",2328700,"Papoose Lake",23287005218,0,1,0,46.193507,-89.803793
"149",2328700,"Papoose Lake",23287005318,0,0,0,46.193559,-89.803718
"150",2328700,"Papoose Lake",23287005418,0,1,1,46.193627,-89.803647
"151",2328700,"Papoose Lake",23287005518,0,0,1,46.193697,-89.803583
"152",2328700,"Papoose Lake",23287005618,0,1,1,46.193762,-89.803536
"153",2328700,"Papoose Lake",23287005718,0,1,0,46.193805,-89.803522
"154",2328700,"Papoose Lake",23287005818,2,1,0,46.193901,-89.80347
"155",2328700,"Papoose Lake",23287005918,0,0,1,46.19394,-89.80345
"156",2328700,"Papoose Lake",23287006018,0,1,0,46.19405,-89.803392
"157",2328700,"Papoose Lake",23287006118,0,1,1,46.19415,-89.803338
"158",2328700,"Papoose Lake",23287006218,0,0,1,46.194204,-89.80329
"159",2328700,"Papoose Lake",23287006318,0,1,1,46.194225,-89.80328
"160",2328700,"Papoose Lake",23287006418,2,1,0,46.194241,-89.803239
"161",2328700,"Papoose Lake",23287006518,2,1,0,46.194362,-89.803071
"162",2328700,"Papoose Lake",23287006618,0,1,1,46.194403,-89.803005
"163",2328700,"Papoose Lake",23287006718,0,0,0,46.194555,-89.80287
"164",2328700,"Papoose Lake",23287006818,1,1,1,46.194601,-89.802838
"165",2328700,"Papoose Lake",23287006918,0,0,1,46.194638,-89.80281
"166",2328700,"Papoose Lake",23287007018,0,0,1,46.194952,-89.802614
"167",2328700,"Papoose Lake",23287007118,2,1,0,46.19549,-89.803033
"168",2328700,"Papoose Lake",23287007218,2,1,0,46.195499,-89.803206
"169",2328700,"Papoose Lake",23287007318,2,1,1,46.195501,-89.803229
"170",2328700,"Papoose Lake",23287007418,2,1,0,46.195504,-89.803252
"171",2328700,"Papoose Lake",23287007518,0,1,1,46.195512,-89.803493
"172",2328700,"Papoose Lake",23287007618,1,1,0,46.195512,-89.803627
"173",2328700,"Papoose Lake",23287007718,1,0,1,46.195527,-89.803742
"174",2328700,"Papoose Lake",23287007818,0,0,1,46.195529,-89.803787
"175",2328700,"Papoose Lake",23287007918,0,0,1,46.195537,-89.80384
"176",2328700,"Papoose Lake",23287008018,2,1,0,46.195566,-89.803824
"177",2328700,"Papoose Lake",23287008118,2,1,0,46.19561,-89.803872
"178",2328700,"Papoose Lake",23287008218,2,1,0,46.195627,-89.803886
"179",2328700,"Papoose Lake",23287008318,0,0,1,46.195726,-89.803908
"180",2328700,"Papoose Lake",23287008418,1,0,1,46.195824,-89.803881
"181",2328700,"Papoose Lake",23287008518,0,0,1,46.196846,-89.80392
"182",2328700,"Papoose Lake",23287008618,2,1,0,46.197171,-89.803895
"183",2328700,"Papoose Lake",23287008718,2,1,0,46.197215,-89.803692
"184",2328700,"Papoose Lake",23287008818,2,1,0,46.197232,-89.803648
"185",2328700,"Papoose Lake",23287008918,1,1,1,46.19778,-89.803407
"186",2328700,"Papoose Lake",23287009018,2,1,0,46.197796,-89.803316
"187",2328700,"Papoose Lake",23287009118,2,1,0,46.197804,-89.803304
"188",2328700,"Papoose Lake",23287009218,2,1,0,46.197809,-89.803293
"189",2328700,"Papoose Lake",23287009318,1,1,0,46.197822,-89.803178
"190",2328700,"Papoose Lake",23287009418,0,1,1,46.19777,-89.80159
"191",2328700,"Papoose Lake",23287009518,1,0,1,46.19768,-89.801333
"192",2328700,"Papoose Lake",23287009618,0,1,1,46.197494,-89.801686
"193",2328700,"Papoose Lake",23287009718,1,1,1,46.197279,-89.80234
"194",2328700,"Papoose Lake",23287009818,2,1,0,46.197076,-89.802652
"195",2328700,"Papoose Lake",23287009918,2,1,0,46.196975,-89.802771
"196",2328700,"Papoose Lake",232870010018,0,0,1,46.196302,-89.802796
"197",2328700,"Papoose Lake",232870010118,0,0,1,46.19605,-89.802716
"198",2328700,"Papoose Lake",232870010218,0,0,1,46.196027,-89.802704
"199",2328700,"Papoose Lake",232870010318,0,0,1,46.196027,-89.801171
"200",2328700,"Papoose Lake",232870010418,1,1,0,46.196051,-89.801062
"201",2328700,"Papoose Lake",232870010518,0,1,0,46.196049,-89.800758
"202",2328700,"Papoose Lake",232870010618,1,1,1,46.196033,-89.800643
"203",2328700,"Papoose Lake",232870010718,0,1,0,46.195922,-89.80057
"204",2328700,"Papoose Lake",232870010818,1,0,0,46.195904,-89.800576
"205",2328700,"Papoose Lake",232870010918,2,1,0,46.195888,-89.800604
"206",2328700,"Papoose Lake",232870011018,0,1,1,46.195623,-89.801065
"207",2328700,"Papoose Lake",232870011118,0,1,0,46.19526,-89.801448
"208",2328700,"Papoose Lake",232870011218,0,1,0,46.195084,-89.801747
"209",2328700,"Papoose Lake",232870011318,0,1,0,46.195056,-89.801734
"210",2328700,"Papoose Lake",232870011418,2,1,0,46.194864,-89.801622
"211",2328700,"Papoose Lake",232870011518,2,1,0,46.194658,-89.8015
"212",2328700,"Papoose Lake",232870011618,0,1,0,46.194502,-89.801458
"213",2328700,"Papoose Lake",232870011718,0,1,0,46.194379,-89.801418
"214",2328700,"Papoose Lake",232870011818,0,1,1,46.194132,-89.801287
"215",2328700,"Papoose Lake",232870011918,1,1,1,46.193654,-89.800724
"216",2328700,"Papoose Lake",232870012018,0,1,1,46.193643,-89.80069
"217",2328700,"Papoose Lake",232870012118,0,1,1,46.193616,-89.800637
"218",2328700,"Papoose Lake",232870012218,0,1,1,46.19357,-89.800568
"219",2328700,"Papoose Lake",232870012318,0,1,1,46.193135,-89.800065
"220",2328700,"Papoose Lake",232870012418,0,1,1,46.192996,-89.799787
"221",2328700,"Papoose Lake",232870012518,2,1,0,46.192971,-89.799443
"222",2328700,"Papoose Lake",232870012618,2,1,0,46.193094,-89.799083
"223",2328700,"Papoose Lake",232870012718,1,1,0,46.1931,-89.799067
"224",2328700,"Papoose Lake",232870012818,1,1,0,46.193109,-89.799048
"225",2328700,"Papoose Lake",232870012918,2,1,0,46.193147,-89.799001
"226",2328700,"Papoose Lake",232870013018,1,1,1,46.193263,-89.798863
"227",2328700,"Papoose Lake",232870013118,1,1,0,46.193267,-89.798851
"228",2328700,"Papoose Lake",232870013218,0,1,0,46.193262,-89.798803
"229",2328700,"Papoose Lake",232870013318,0,1,0,46.193265,-89.798795
"230",2328700,"Papoose Lake",232870013418,0,0,1,46.193065,-89.798326
"231",2328700,"Papoose Lake",232870013518,2,1,0,46.193048,-89.798204
"232",2328700,"Papoose Lake",232870013618,1,1,0,46.192898,-89.797656
"233",2328700,"Papoose Lake",232870013718,0,1,0,46.192908,-89.797603
"234",2328700,"Papoose Lake",232870013818,0,1,1,46.192915,-89.797559
"235",2328700,"Papoose Lake",232870013918,1,1,0,46.192971,-89.797269
"236",2328700,"Papoose Lake",232870014018,0,1,1,46.192971,-89.797248
"237",2328700,"Papoose Lake",232870014118,0,1,1,46.192987,-89.796991
"238",2328700,"Papoose Lake",232870014218,0,1,0,46.19278,-89.797774
"239",2328700,"Papoose Lake",232870014318,0,1,1,46.192695,-89.798031
"240",2328700,"Papoose Lake",232870014418,2,1,1,46.192628,-89.798139
"241",2328700,"Papoose Lake",232870014518,0,0,1,46.192485,-89.798317
"242",2328700,"Papoose Lake",232870014618,0,0,0,46.192252,-89.798528
"243",2328700,"Papoose Lake",232870014718,1,1,0,46.191753,-89.798566
"244",2328700,"Papoose Lake",232870014818,0,0,1,46.192042,-89.799225
"245",2328700,"Papoose Lake",232870014918,0,1,1,46.192345,-89.799789
"246",2328700,"Papoose Lake",232870015018,2,1,0,46.192378,-89.79987
"247",2328700,"Papoose Lake",232870015118,0,0,0,46.1925,-89.800285
"248",2328700,"Papoose Lake",232870015218,0,1,1,46.1925,-89.800323
"249",2328700,"Papoose Lake",232870015318,0,0,1,46.192499,-89.800359
"250",2328700,"Papoose Lake",232870015418,0,0,1,46.192435,-89.800715
"251",2328700,"Papoose Lake",232870015518,0,0,1,46.19235,-89.801094
"252",2328700,"Papoose Lake",232870015618,0,0,1,46.192316,-89.801336
"253",2328700,"Papoose Lake",232870015718,0,0,1,46.191577,-89.80201
"254",2328700,"Papoose Lake",232870015818,2,1,0,46.191422,-89.80207
"255",2328700,"Papoose Lake",232870015918,0,0,1,46.191134,-89.802117
"256",2328700,"Papoose Lake",232870016018,0,1,1,46.190359,-89.801779
"257",2328700,"Papoose Lake",232870016118,1,0,1,46.190334,-89.801751
"258",2328700,"Papoose Lake",232870016218,1,1,0,46.189856,-89.801216
"259",2328700,"Papoose Lake",232870016318,1,1,0,46.189829,-89.801208
"260",2328700,"Papoose Lake",232870016418,1,1,0,46.189808,-89.801202
"261",2328700,"Papoose Lake",232870016518,1,0,1,46.189291,-89.800984
"262",2328700,"Papoose Lake",232870016618,1,0,1,46.189197,-89.800937
"263",2328700,"Papoose Lake",232870016718,0,0,1,46.189175,-89.800921
"264",2328700,"Papoose Lake",232870016818,0,0,1,46.189155,-89.800907
"265",2328700,"Papoose Lake",232870016918,0,0,1,46.189092,-89.800872
"266",2328700,"Papoose Lake",232870017018,0,0,1,46.189007,-89.800805
"267",2328700,"Papoose Lake",232870017118,0,0,1,46.188695,-89.800654
"268",2328700,"Papoose Lake",232870017218,0,1,0,46.188668,-89.800655
"269",2328700,"Papoose Lake",232870017318,0,1,1,46.188644,-89.800653
"270",2328700,"Papoose Lake",232870017418,0,1,1,46.188627,-89.80065
"271",2328700,"Papoose Lake",232870017518,0,1,1,46.188439,-89.800563
"272",2328700,"Papoose Lake",232870017618,0,1,1,46.188083,-89.800005
"273",2328700,"Papoose Lake",232870017718,0,1,1,46.188068,-89.799851
"274",2328700,"Papoose Lake",232870017818,0,1,0,46.188693,-89.798506
"275",2328700,"Papoose Lake",232870017918,0,1,0,46.188815,-89.79849
"276",2328700,"Papoose Lake",232870018018,0,1,1,46.188853,-89.798488
"277",2328700,"Papoose Lake",232870018118,0,1,1,46.189153,-89.798478
"278",2328700,"Papoose Lake",232870018218,0,1,0,46.189499,-89.798559
"279",2328700,"Papoose Lake",232870018318,0,0,0,46.189528,-89.798569
"280",2328700,"Papoose Lake",232870018418,0,1,0,46.189845,-89.798675
"281",2328700,"Papoose Lake",232870018518,0,1,0,46.190133,-89.798673
"282",2328700,"Papoose Lake",232870018618,0,1,0,46.190254,-89.798591
"283",2328700,"Papoose Lake",232870018718,0,1,1,46.189617,-89.798314
"284",2328700,"Papoose Lake",232870018818,0,1,1,46.18926,-89.79834
"285",2328700,"Papoose Lake",232870018918,2,1,0,46.189132,-89.798363
"286",2328700,"Papoose Lake",232870019018,1,1,1,46.18842,-89.797267
"287",2328700,"Papoose Lake",232870019118,0,0,0,46.188311,-89.796971
"288",2328700,"Papoose Lake",232870019218,0,1,1,46.18831,-89.796949
"289",2328700,"Papoose Lake",232870019318,0,1,0,46.188302,-89.796921
"290",2328700,"Papoose Lake",232870019418,0,1,0,46.188126,-89.796802
"291",2328700,"Papoose Lake",232870019518,0,1,1,46.187708,-89.796548
"292",2328700,"Papoose Lake",232870019618,2,1,0,46.187012,-89.796051
"293",2328700,"Papoose Lake",232870019718,0,1,1,46.186895,-89.795919
"294",2328700,"Papoose Lake",232870019818,0,1,1,46.186258,-89.795324
"295",2328700,"Papoose Lake",232870019918,0,0,1,46.186099,-89.795289
"296",2328700,"Papoose Lake",232870020018,0,0,1,46.185514,-89.795204
"297",2328700,"Papoose Lake",232870020118,0,1,0,46.184835,-89.795094
"298",2328700,"Papoose Lake",232870020218,0,0,0,46.183079,-89.795623
"299",2328700,"Papoose Lake",232870020318,0,0,1,46.1827,-89.795459
"300",2328700,"Papoose Lake",232870020418,0,0,1,46.18228,-89.795312
"301",2328700,"Papoose Lake",232870020518,0,0,1,46.18225,-89.795311
"302",2328700,"Papoose Lake",232870020618,0,0,1,46.181627,-89.795288
"303",2328700,"Papoose Lake",232870020718,0,0,1,46.180486,-89.795146
"304",2328700,"Papoose Lake",232870020818,0,1,0,46.180466,-89.795106
"305",2328700,"Papoose Lake",232870020918,0,1,1,46.179459,-89.794253
"306",2328700,"Papoose Lake",232870021018,2,0,1,46.178923,-89.794334
"307",2328700,"Papoose Lake",232870021118,0,0,1,46.178913,-89.794337
"308",2328700,"Papoose Lake",232870021218,0,0,1,46.178773,-89.794655
"309",2328700,"Papoose Lake",232870021318,0,0,1,46.178769,-89.794695
"310",2328700,"Papoose Lake",232870021418,0,0,1,46.178771,-89.794735
"311",2328700,"Papoose Lake",232870021518,0,0,1,46.177782,-89.798091
"312",2328700,"Papoose Lake",232870021618,0,0,1,46.177766,-89.798152
"313",2328700,"Papoose Lake",232870021718,0,0,1,46.177737,-89.798277
"314",2328700,"Papoose Lake",232870021818,0,1,0,46.177714,-89.798759
"315",2328700,"Papoose Lake",232870021918,0,1,1,46.17771,-89.798783
"316",2328700,"Papoose Lake",232870022018,0,1,0,46.177685,-89.799015
"317",2328700,"Papoose Lake",232870022118,0,1,0,46.177663,-89.799294
"318",2328700,"Papoose Lake",232870022218,0,1,1,46.177635,-89.799919
"319",2328700,"Papoose Lake",232870022318,0,1,1,46.177634,-89.800073
"320",2328700,"Papoose Lake",232870022418,0,1,0,46.177617,-89.800644
"321",2328700,"Papoose Lake",232870022518,0,1,1,46.1776,-89.800731
"322",2328700,"Papoose Lake",232870022618,0,0,0,46.1775,-89.80125
"323",2328700,"Papoose Lake",232870022718,0,0,0,46.177482,-89.801285
"324",2328700,"Papoose Lake",232870022818,0,0,1,46.177466,-89.801331
"325",2328700,"Papoose Lake",232870022918,0,1,0,46.177428,-89.801415
"326",2328700,"Papoose Lake",232870023018,0,0,0,46.17742,-89.80143
"327",2328700,"Papoose Lake",232870023118,0,1,1,46.177315,-89.801714
"328",2328700,"Papoose Lake",232870023218,0,1,0,46.177301,-89.801739
"329",2328700,"Papoose Lake",232870023318,0,0,1,46.17698,-89.802091
"330",2328700,"Papoose Lake",232870023418,0,0,0,46.176799,-89.802221
"331",2328700,"Papoose Lake",232870023518,2,1,0,46.176721,-89.802421
"332",2328700,"Papoose Lake",232870023618,0,1,0,46.176708,-89.802552
"333",2328700,"Papoose Lake",232870023718,0,0,1,46.17661,-89.803178
"334",2328700,"Papoose Lake",232870023818,0,0,1,46.176598,-89.803218
"335",2328700,"Papoose Lake",232870023918,0,1,1,46.177334,-89.802697
"336",2328700,"Papoose Lake",232870024018,0,1,1,46.17791,-89.803113
"337",2328700,"Papoose Lake",232870024118,0,1,0,46.177979,-89.803382
"338",2328700,"Papoose Lake",232870024218,0,1,0,46.178155,-89.803523
"339",2328700,"Papoose Lake",232870024318,0,0,1,46.178224,-89.803568
"340",2328700,"Papoose Lake",232870024418,0,1,1,46.178326,-89.803643
"341",2328700,"Papoose Lake",232870024518,2,1,0,46.178631,-89.804137
"342",2328700,"Papoose Lake",232870024618,1,1,0,46.178655,-89.804595
"343",2328700,"Papoose Lake",232870024718,0,1,0,46.178641,-89.804663
"344",2328700,"Papoose Lake",232870024818,0,1,0,46.178632,-89.804715
"345",2328700,"Papoose Lake",232870024918,0,1,0,46.178305,-89.805455
"346",2328700,"Papoose Lake",232870025018,1,1,0,46.178278,-89.805483
"347",2328700,"Papoose Lake",232870025118,0,1,0,46.177217,-89.805184
"348",2328700,"Papoose Lake",232870025218,0,1,0,46.177308,-89.804013
"349",2328700,"Papoose Lake",232870025318,0,1,1,46.185414,-89.80081
"350",2328700,"Papoose Lake",232870025418,0,0,0,46.18552,-89.800076
"351",2328700,"Papoose Lake",232870025518,1,0,0,46.185884,-89.7993
"352",2328700,"Papoose Lake",232870025618,0,0,1,46.186324,-89.799772
"353",2328700,"Papoose Lake",232870025718,0,1,0,46.186343,-89.799845
"354",2328700,"Papoose Lake",232870025818,0,1,0,46.186444,-89.800228
"355",2328700,"Papoose Lake",232870025918,0,0,1,46.186449,-89.800278
"356",2328700,"Papoose Lake",232870026018,0,0,1,46.186487,-89.800594
"357",2328700,"Papoose Lake",232870026118,0,0,1,46.186492,-89.800641
"358",2328700,"Papoose Lake",232870026218,0,1,1,46.186485,-89.801177
"359",2328700,"Papoose Lake",232870026318,0,1,1,46.18647,-89.801448
"360",2328700,"Papoose Lake",232870026418,0,0,1,46.186458,-89.801602
"361",2328700,"Papoose Lake",232870026518,0,0,1,46.186445,-89.801814
"362",2328700,"Papoose Lake",232870026618,0,0,1,46.186425,-89.801906
"363",2328700,"Papoose Lake",232870026718,0,1,0,46.186523,-89.802242
"364",2328700,"Papoose Lake",232870026818,2,0,0,46.185862,-89.803253
"365",2328700,"Papoose Lake",232870026918,0,1,1,46.185734,-89.802977
"366",2328700,"Papoose Lake",232870027018,2,1,0,46.185371,-89.802708
"367",2328700,"Papoose Lake",232870027118,1,1,1,46.176583,-89.80392
"368",2328700,"Papoose Lake",232870027218,0,1,0,46.176577,-89.804022
"369",2328700,"Papoose Lake",232870027318,0,1,1,46.176578,-89.804288
"370",2328700,"Papoose Lake",232870027418,0,1,0,46.176581,-89.804387
"371",2328700,"Papoose Lake",232870027518,0,0,1,46.176493,-89.804705
"372",2328700,"Papoose Lake",232870027618,0,0,1,46.17648,-89.804759
"373",2328700,"Papoose Lake",232870027718,0,1,0,46.176431,-89.806064
"374",2328700,"Papoose Lake",232870027818,0,1,1,46.176523,-89.806243
"375",2328700,"Papoose Lake",232870027918,2,0,1,46.176395,-89.806721
"376",2328700,"Papoose Lake",232870028018,2,0,1,46.176299,-89.806969
"377",2328700,"Papoose Lake",232870028118,0,0,1,46.176249,-89.807538
"378",2328700,"Papoose Lake",232870028218,2,1,0,46.176314,-89.807856
"379",2328700,"Papoose Lake",232870028318,0,0,0,46.176341,-89.80807
"380",2328700,"Papoose Lake",232870028418,2,1,0,46.176468,-89.808829
"381",2328700,"Papoose Lake",232870028518,0,1,0,46.176524,-89.809584
"382",2328700,"Papoose Lake",232870028618,2,1,0,46.17704,-89.808567
"383",2328700,"Papoose Lake",232870028718,1,0,1,46.177121,-89.808129
"384",2328700,"Papoose Lake",232870028818,0,0,1,46.178062,-89.80723
"385",2328700,"Papoose Lake",232870028918,0,0,1,46.178339,-89.807627
"386",2328700,"Papoose Lake",232870029018,2,1,0,46.178363,-89.807657
"387",2328700,"Papoose Lake",232870029118,0,1,0,46.178389,-89.807678
"388",2328700,"Papoose Lake",232870029218,0,0,1,46.178757,-89.807794
"389",2328700,"Papoose Lake",232870029318,0,1,1,46.178857,-89.807924
"390",2328700,"Papoose Lake",232870029418,0,1,0,46.178922,-89.807961
"391",2328700,"Papoose Lake",232870029518,0,1,1,46.178946,-89.807973
"392",2328700,"Papoose Lake",232870029618,0,1,1,46.178987,-89.807992
"393",2328700,"Papoose Lake",232870029718,0,1,1,46.179083,-89.808014
"394",2328700,"Papoose Lake",232870029818,0,1,0,46.17916,-89.808048
"395",2328700,"Papoose Lake",232870029918,0,1,0,46.179183,-89.808062
"396",2328700,"Papoose Lake",232870030018,0,1,1,46.179463,-89.808504
"397",2328700,"Papoose Lake",232870030118,0,0,1,46.17905,-89.809076
"398",2328700,"Papoose Lake",232870030218,0,1,1,46.179109,-89.809529
"399",2328700,"Papoose Lake",232870030318,0,1,1,46.179127,-89.809559
"400",2328700,"Papoose Lake",232870030418,0,1,0,46.17941,-89.809889
"401",2328700,"Papoose Lake",232870030518,0,0,1,46.180139,-89.809877
"402",2328700,"Papoose Lake",232870030618,1,0,1,46.181311,-89.809455
"403",2328700,"Papoose Lake",232870030718,1,0,1,46.181346,-89.809453
"404",2328700,"Papoose Lake",232870030818,2,1,1,46.181419,-89.80944
"405",2328700,"Papoose Lake",232870030918,2,1,1,46.181438,-89.80943
"406",2328700,"Papoose Lake",232870031018,2,0,1,46.18167,-89.809288
"407",2328700,"Papoose Lake",232870031118,2,1,0,46.181675,-89.809273
"408",2328700,"Papoose Lake",232870031218,0,0,1,46.182146,-89.808563
"409",2328700,"Papoose Lake",232870031318,1,1,1,46.182307,-89.808364
"410",2328700,"Papoose Lake",232870031418,2,1,0,46.182679,-89.808383
"411",2328700,"Papoose Lake",232870031518,2,1,1,46.182932,-89.808596
"412",2328700,"Papoose Lake",232870031618,2,0,1,46.183397,-89.80975
"413",2328700,"Papoose Lake",232870031718,1,0,1,46.18325,-89.810181
"414",2328700,"Papoose Lake",232870031818,2,0,1,46.182676,-89.810923
"415",2328700,"Papoose Lake",232870031918,0,1,1,46.182651,-89.810951
"416",2328700,"Papoose Lake",232870032018,0,1,0,46.182481,-89.81119
"417",2328700,"Papoose Lake",232870032118,0,1,0,46.182174,-89.811779
"418",2328700,"Papoose Lake",232870032218,0,1,1,46.181825,-89.812429
"419",2328700,"Papoose Lake",232870032318,0,0,1,46.181804,-89.81245
"420",2328700,"Papoose Lake",232870032418,0,1,0,46.181664,-89.812625
"421",2328700,"Papoose Lake",232870032518,0,1,0,46.181332,-89.812789
"422",2328700,"Papoose Lake",232870032618,1,0,1,46.181439,-89.813325
"423",2328700,"Papoose Lake",232870032718,2,1,0,46.181547,-89.813346
"424",2328700,"Papoose Lake",232870032818,0,1,1,46.182047,-89.812885
"425",2328700,"Papoose Lake",232870032918,0,1,0,46.182125,-89.812768
"426",2328700,"Papoose Lake",232870033018,0,1,1,46.182519,-89.812398
"427",2328700,"Papoose Lake",232870033118,0,0,1,46.182836,-89.812283
"428",2328700,"Papoose Lake",232870033218,2,1,0,46.183083,-89.812239
"429",2328700,"Papoose Lake",232870033318,0,1,0,46.18329,-89.812163
"430",2328700,"Papoose Lake",232870033418,1,0,1,46.184426,-89.812314
"431",2328700,"Papoose Lake",232870033518,0,1,1,46.184511,-89.812976
"432",2328700,"Papoose Lake",232870033618,0,1,1,46.184849,-89.812956
"433",2328700,"Papoose Lake",232870033718,0,1,1,46.184861,-89.812796
"434",2328700,"Papoose Lake",232870033818,0,1,1,46.185018,-89.810842
"435",2328700,"Papoose Lake",232870033918,0,1,1,46.185084,-89.810349
"436",2328700,"Papoose Lake",232870034018,0,1,1,46.185017,-89.810242
"437",2328700,"Papoose Lake",232870034118,0,1,1,46.185114,-89.808258
"438",2328700,"Papoose Lake",232870034218,0,0,1,46.184972,-89.807483
"439",2328700,"Papoose Lake",232870034318,0,0,1,46.184846,-89.807092
"440",2328700,"Papoose Lake",232870034418,0,1,1,46.184637,-89.806889
"441",2328700,"Papoose Lake",232870034518,1,0,1,46.184613,-89.806886
"442",2328700,"Papoose Lake",232870034618,2,0,1,46.184592,-89.806882
"443",2328700,"Papoose Lake",232870034718,2,0,0,46.18451,-89.806859
"444",2328700,"Papoose Lake",232870034818,0,1,0,46.184214,-89.806467
"445",2328700,"Papoose Lake",232870034918,0,1,0,46.18424,-89.805913
"446",2328700,"Papoose Lake",232870035018,0,1,1,46.184282,-89.805771
"447",2328700,"Papoose Lake",232870035118,2,1,0,46.184396,-89.805534
"448",2328700,"Papoose Lake",232870035218,2,0,1,46.184557,-89.805319
"449",2328700,"Papoose Lake",232870035318,0,1,0,46.184877,-89.805206
"450",2328700,"Papoose Lake",232870035418,0,1,1,46.184932,-89.805161
"451",2328700,"Papoose Lake",232870035518,0,1,0,46.185117,-89.804946
"452",2328700,"Papoose Lake",232870035618,0,1,1,46.185136,-89.804913
"453",2328700,"Papoose Lake",232870035718,1,1,0,46.185451,-89.804349
"454",2328700,"Papoose Lake",232870035818,0,1,1,46.18547,-89.804311
"455",2328700,"Papoose Lake",232870035918,0,0,1,46.18549,-89.804274
"456",2328700,"Papoose Lake",232870036018,0,0,1,46.18587,-89.803753
"457",2328700,"Papoose Lake",232870036118,1,1,1,46.186227,-89.80337
"458",2328700,"Papoose Lake",232870036218,1,1,0,46.186426,-89.803153
"459",2328700,"Papoose Lake",232870036318,1,1,1,46.187736,-89.803051
"460",2328700,"Papoose Lake",232870036418,2,1,0,46.188117,-89.803822
"461",2328700,"Papoose Lake",232870036518,0,1,1,46.188204,-89.804066
"462",2328700,"Papoose Lake",232870036618,0,1,0,46.188266,-89.804282
"463",2328700,"Papoose Lake",232870036718,0,1,0,46.188265,-89.804798
"464",2328700,"Papoose Lake",232870036818,0,1,1,46.188228,-89.805028
"465",2328700,"Papoose Lake",232870036918,1,1,1,46.188074,-89.805628
"466",2328700,"Papoose Lake",232870037018,2,1,0,46.188047,-89.805772
"467",2328700,"Papoose Lake",232870037118,0,1,1,46.188041,-89.805809
"468",2328700,"Papoose Lake",232870037218,0,0,1,46.188014,-89.805989
"469",2328700,"Papoose Lake",232870037318,0,1,1,46.187933,-89.806276
"470",2328700,"Papoose Lake",232870037418,0,1,1,46.187918,-89.806314
"471",2328700,"Papoose Lake",232870037518,0,1,1,46.187775,-89.806558
"472",2328700,"Papoose Lake",232870037618,2,1,0,46.186613,-89.807664
"473",2328700,"Papoose Lake",232870037718,0,0,1,46.186653,-89.807819
"474",2328700,"Papoose Lake",232870037818,0,0,1,46.186659,-89.807823
"475",2328700,"Papoose Lake",232870037918,0,1,1,46.18666,-89.807823
"476",2328700,"Papoose Lake",232870038018,2,1,0,46.186793,-89.807842
"477",2328700,"Papoose Lake",232870038118,1,1,1,46.187134,-89.807925
"478",2328700,"Papoose Lake",232870038218,0,1,0,46.187165,-89.807924
"479",2328700,"Papoose Lake",232870038318,0,0,1,46.187564,-89.808276
"480",2328700,"Papoose Lake",232870038418,0,1,0,46.187583,-89.808313
"481",2328700,"Papoose Lake",232870038518,2,1,0,46.187597,-89.808341
"482",2328700,"Papoose Lake",232870038618,0,1,0,46.187643,-89.808457
"483",2328700,"Papoose Lake",232870038718,1,1,0,46.187675,-89.808541
"484",2328700,"Papoose Lake",232870038818,0,0,1,46.187699,-89.808565
"485",2328700,"Papoose Lake",232870038918,0,0,1,46.187704,-89.808567
"486",2328700,"Papoose Lake",232870039018,0,1,1,46.187969,-89.808607
"487",2328700,"Papoose Lake",232870039118,1,0,1,46.188054,-89.808577
"488",2328700,"Papoose Lake",232870039218,0,0,1,46.188068,-89.808575
"489",2328700,"Papoose Lake",232870039318,0,0,1,46.188111,-89.808572
"490",2328700,"Papoose Lake",232870039418,0,0,1,46.188175,-89.808564
"491",2328700,"Papoose Lake",232870039518,0,0,1,46.188491,-89.808451
"492",2328700,"Papoose Lake",232870039618,0,0,1,46.188548,-89.808377
"493",2328700,"Papoose Lake",232870039718,0,0,1,46.188619,-89.808257
"494",2328700,"Papoose Lake",232870039818,0,0,1,46.188633,-89.808236
"495",2328700,"Papoose Lake",232870039918,2,1,0,46.188639,-89.808228
"496",2328700,"Papoose Lake",232870040018,2,1,0,46.188726,-89.807953
"497",2328700,"Papoose Lake",232870040118,0,0,1,46.188733,-89.807917
"498",2328700,"Papoose Lake",232870040218,0,0,1,46.188892,-89.80746
"499",2328700,"Papoose Lake",232870040318,0,1,0,46.188947,-89.807368
"500",2328700,"Papoose Lake",232870040418,2,1,0,46.189046,-89.80722
"501",2328700,"Papoose Lake",232870040518,2,1,0,46.189062,-89.807188
"502",2328700,"Papoose Lake",232870040618,0,1,1,46.18103,-89.807654
"503",2328700,"Papoose Lake",232870040718,1,1,1,46.181186,-89.807637
"504",2328700,"Papoose Lake",232870040818,2,1,0,46.18127,-89.807547
"505",2328700,"Papoose Lake",232870040918,0,1,0,46.181275,-89.807537
"506",2328700,"Papoose Lake",232870041018,2,1,1,46.18161,-89.807553
"507",2328700,"Papoose Lake",232870041118,1,1,1,46.181746,-89.807569
"508",2328700,"Papoose Lake",232870041218,1,1,0,46.181905,-89.807529
"509",2328700,"Papoose Lake",232870041318,2,1,0,46.182192,-89.807374
"510",2328700,"Papoose Lake",232870041418,0,1,0,46.182239,-89.80734
"511",2328700,"Papoose Lake",232870041518,2,1,0,46.182369,-89.807213
"512",2328700,"Papoose Lake",232870041618,0,1,0,46.182599,-89.806677
"513",2328700,"Papoose Lake",232870041718,0,0,1,46.182791,-89.806496
"514",2328700,"Papoose Lake",232870041818,1,1,0,46.182867,-89.806439
"515",2328700,"Papoose Lake",232870041918,1,1,1,46.182921,-89.806409
"516",2328700,"Papoose Lake",232870042018,0,1,0,46.183122,-89.806334
"517",2328700,"Papoose Lake",232870042118,0,1,1,46.183585,-89.806779
"518",2328700,"Papoose Lake",232870042218,1,1,1,46.183574,-89.80683
"519",2328700,"Papoose Lake",232870042318,1,0,1,46.183407,-89.807161
"520",2328700,"Papoose Lake",232870042418,2,1,0,46.183384,-89.807191
"521",2328700,"Papoose Lake",232870042518,1,1,0,46.18324,-89.807374
"522",2328700,"Papoose Lake",232870042618,2,1,0,46.183139,-89.807508
"523",2328700,"Papoose Lake",232870042718,2,1,0,46.182939,-89.807743
"524",2328700,"Papoose Lake",232870042818,0,1,1,46.182717,-89.807926
"525",2328700,"Papoose Lake",232870042918,0,1,0,46.182616,-89.808018
"526",2328700,"Papoose Lake",232870043018,2,1,1,46.182558,-89.808105
"527",2328700,"Papoose Lake",232870043118,2,1,0,46.182546,-89.808127
"528",2328700,"Papoose Lake",232870043218,0,1,0,46.182479,-89.808233
"529",2328700,"Papoose Lake",232870043318,2,1,0,46.182456,-89.808265
"530",2328700,"Papoose Lake",232870043418,1,1,0,46.182233,-89.808448
"531",2328700,"Papoose Lake",232870043518,1,1,0,46.182207,-89.80847
"532",2328700,"Papoose Lake",232870043618,2,1,0,46.182185,-89.808497
"533",2328700,"Papoose Lake",232870043718,2,1,0,46.182165,-89.80852
"534",2328700,"Papoose Lake",232870043818,0,1,1,46.181941,-89.808728
"535",2328700,"Papoose Lake",232870043918,1,1,0,46.181917,-89.808743
"536",2328700,"Papoose Lake",232870044018,2,1,0,46.181137,-89.808986
"537",2328700,"Papoose Lake",232870044118,0,1,1,46.181042,-89.809031
"538",2328700,"Papoose Lake",232870044218,1,1,1,46.18069,-89.808274
"539",1545600,"Big Arbor Vitae",1545600233218,1,0,1,45.91850806,-89.63696997
"540",1545600,"Big Arbor Vitae",1545600233318,0,1,1,45.91865751,-89.63694532
"541",1545600,"Big Arbor Vitae",1545600233418,0,0,1,45.91866187,-89.63694474
"542",1545600,"Big Arbor Vitae",1545600233518,0,0,1,45.91901148,-89.63683804
"543",1545600,"Big Arbor Vitae",1545600233618,0,1,1,45.91904098,-89.63683359
"544",1545600,"Big Arbor Vitae",1545600233718,0,0,1,45.91907602,-89.63683242
"545",1545600,"Big Arbor Vitae",1545600233818,0,0,1,45.91912849,-89.63685011
"546",1545600,"Big Arbor Vitae",1545600233918,0,0,1,45.91914081,-89.63685212
"547",1545600,"Big Arbor Vitae",1545600234018,0,0,1,45.91918624,-89.63685882
"548",1545600,"Big Arbor Vitae",1545600234218,0,0,1,45.91924449,-89.63683468
"549",1545600,"Big Arbor Vitae",1545600234318,0,0,1,45.91925262,-89.63682018
"550",1545600,"Big Arbor Vitae",1545600234418,0,0,1,45.91928196,-89.6367885
"551",1545600,"Big Arbor Vitae",1545600234518,0,0,1,45.91929127,-89.63678431
"552",1545600,"Big Arbor Vitae",1545600234618,0,0,1,45.91950458,-89.63673511
"553",1545600,"Big Arbor Vitae",1545600234718,0,0,1,45.91951741,-89.63673645
"554",1545600,"Big Arbor Vitae",1545600234818,0,0,1,45.91953275,-89.63673653
"555",1545600,"Big Arbor Vitae",1545600234918,1,0,1,45.91964825,-89.63695052
"556",1545600,"Big Arbor Vitae",1545600235018,0,0,1,45.91964599,-89.63703635
"557",1545600,"Big Arbor Vitae",1545600235118,1,1,1,45.91964087,-89.63716325
"558",1545600,"Big Arbor Vitae",1545600235218,0,1,1,45.9196428,-89.6372122
"559",1545600,"Big Arbor Vitae",1545600235318,0,0,1,45.91965009,-89.63725998
"560",1545600,"Big Arbor Vitae",1545600235418,1,1,1,45.91969569,-89.63750314
"561",1545600,"Big Arbor Vitae",1545600235518,0,0,1,45.91969184,-89.63751915
"562",1545600,"Big Arbor Vitae",1545600235618,0,0,1,45.91968865,-89.63753717
"563",1545600,"Big Arbor Vitae",1545600235718,0,1,1,45.91968513,-89.63755486
"564",1545600,"Big Arbor Vitae",1545600235818,0,0,1,45.91967675,-89.63765603
"565",1545600,"Big Arbor Vitae",1545600235918,1,0,1,45.91979183,-89.6378566
"566",1545600,"Big Arbor Vitae",1545600236018,1,1,1,45.91979711,-89.63789717
"567",1545600,"Big Arbor Vitae",1545600236118,0,1,1,45.91983039,-89.63805492
"568",1545600,"Big Arbor Vitae",1545600236218,1,1,1,45.91987104,-89.63808157
"569",1545600,"Big Arbor Vitae",1545600236318,1,1,1,45.91997003,-89.63812441
"570",1545600,"Big Arbor Vitae",1545600236418,0,0,1,45.92025124,-89.63819892
"571",1545600,"Big Arbor Vitae",1545600236518,1,0,1,45.92033523,-89.63819632
"572",1545600,"Big Arbor Vitae",1545600236618,0,0,1,45.92040413,-89.63815777
"573",1545600,"Big Arbor Vitae",1545600236718,0,0,1,45.92047513,-89.63808107
"574",1545600,"Big Arbor Vitae",1545600236818,0,1,1,45.92069456,-89.63777991
"575",1545600,"Big Arbor Vitae",1545600236918,0,1,1,45.92070932,-89.63776172
"576",1545600,"Big Arbor Vitae",1545600237018,0,1,1,45.92085147,-89.63749442
"577",1545600,"Big Arbor Vitae",1545600237118,0,1,1,45.92086455,-89.63735612
"578",1545600,"Big Arbor Vitae",1545600237218,0,0,1,45.92087595,-89.63732871
"579",1545600,"Big Arbor Vitae",1545600237318,1,0,1,45.92090445,-89.63722092
"580",1545600,"Big Arbor Vitae",1545600237418,0,0,1,45.92092674,-89.63716124
"581",1545600,"Big Arbor Vitae",1545600237518,0,1,1,45.92095004,-89.63708128
"582",1545600,"Big Arbor Vitae",1545600237618,1,1,1,45.92096999,-89.63702864
"583",1545600,"Big Arbor Vitae",1545600237718,1,0,1,45.92099966,-89.63698061
"584",1545600,"Big Arbor Vitae",1545600237818,0,0,1,45.92107653,-89.63681968
"585",1545600,"Big Arbor Vitae",1545600237918,0,0,1,45.92112221,-89.63676377
"586",1545600,"Big Arbor Vitae",1545600238018,0,0,1,45.92119337,-89.63680577
"587",1545600,"Big Arbor Vitae",1545600238118,0,0,1,45.92119471,-89.63681398
"588",1545600,"Big Arbor Vitae",1545600238218,0,0,1,45.9213113,-89.63704574
"589",1545600,"Big Arbor Vitae",1545600238318,1,0,1,45.92156779,-89.63716183
"590",1545600,"Big Arbor Vitae",1545600238418,0,1,1,45.92176812,-89.63711095
"591",1545600,"Big Arbor Vitae",1545600238518,0,1,1,45.92186308,-89.63710693
"592",1545600,"Big Arbor Vitae",1545600238618,0,0,1,45.92273355,-89.6370366
"593",1545600,"Big Arbor Vitae",1545600238718,0,0,1,45.92274587,-89.63702185
"594",1545600,"Big Arbor Vitae",1545600238818,0,0,1,45.92281803,-89.63697265
"595",1545600,"Big Arbor Vitae",1545600238918,0,0,1,45.92293798,-89.63695765
"596",1545600,"Big Arbor Vitae",1545600239018,0,1,1,45.92294946,-89.63695899
"597",1545600,"Big Arbor Vitae",1545600239118,0,0,1,45.92297151,-89.63695932
"598",1545600,"Big Arbor Vitae",1545600239218,0,0,1,45.92307863,-89.6370843
"599",1545600,"Big Arbor Vitae",1545600239318,0,0,1,45.92327552,-89.63815031
"600",1545600,"Big Arbor Vitae",1545600239418,0,0,1,45.92326337,-89.63827386
"601",1545600,"Big Arbor Vitae",1545600239518,1,0,1,45.92325004,-89.63830487
"602",1545600,"Big Arbor Vitae",1545600239618,1,0,1,45.92321609,-89.63840076
"603",1545600,"Big Arbor Vitae",1545600239718,0,0,1,45.9230534,-89.63867015
"604",1545600,"Big Arbor Vitae",1545600239818,0,0,1,45.92300403,-89.63879094
"605",1545600,"Big Arbor Vitae",1545600239918,0,0,1,45.92240497,-89.63914859
"606",1545600,"Big Arbor Vitae",1545600240018,0,0,1,45.92239517,-89.6391537
"607",1545600,"Big Arbor Vitae",1545600240118,0,1,1,45.92237773,-89.63916376
"608",1545600,"Big Arbor Vitae",1545600240218,0,1,1,45.92232417,-89.63918463
"609",1545600,"Big Arbor Vitae",1545600240318,1,1,1,45.92206073,-89.63944959
"610",1545600,"Big Arbor Vitae",1545600240418,1,1,1,45.92204673,-89.64007278
"611",1545600,"Big Arbor Vitae",1545600240518,0,0,1,45.92252073,-89.6404591
"612",1545600,"Big Arbor Vitae",1545600240618,0,0,1,45.92263062,-89.64042926
"613",1545600,"Big Arbor Vitae",1545600240718,0,1,1,45.923028,-89.64025198
"614",1545600,"Big Arbor Vitae",1545600240818,0,0,1,45.92327233,-89.64004219
"615",1545600,"Big Arbor Vitae",1545600240918,0,0,1,45.92366561,-89.63878348
"616",1545600,"Big Arbor Vitae",1545600241018,2,1,1,45.92398907,-89.63774957
"617",1545600,"Big Arbor Vitae",1545600241118,1,1,1,45.92434564,-89.63693225
"618",1545600,"Big Arbor Vitae",1545600241218,1,1,1,45.92440917,-89.63676905
"619",1545600,"Big Arbor Vitae",1545600241318,0,1,1,45.92443457,-89.63672563
"620",1545600,"Big Arbor Vitae",1545600241418,0,1,1,45.92463867,-89.63622976
"621",1545600,"Big Arbor Vitae",1545600241518,1,1,1,45.92480505,-89.63591259
"622",1545600,"Big Arbor Vitae",1545600241618,2,0,1,45.9248478,-89.63582056
"623",1545600,"Big Arbor Vitae",1545600241718,0,1,1,45.9248794,-89.63576574
"624",1545600,"Big Arbor Vitae",1545600241818,0,0,1,45.92573309,-89.63487181
"625",1545600,"Big Arbor Vitae",1545600241918,2,1,1,45.9257828,-89.6346548
"626",1545600,"Big Arbor Vitae",1545600242018,0,1,1,45.92580333,-89.63436361
"627",1545600,"Big Arbor Vitae",1545600242118,0,1,1,45.92584826,-89.63418609
"628",1545600,"Big Arbor Vitae",1545600242218,0,1,1,45.92586393,-89.63413227
"629",1545600,"Big Arbor Vitae",1545600242318,0,0,1,45.9260703,-89.63364545
"630",1545600,"Big Arbor Vitae",1545600242418,1,1,1,45.92619158,-89.63346147
"631",1545600,"Big Arbor Vitae",1545600242518,1,1,1,45.92644547,-89.63315302
"632",1545600,"Big Arbor Vitae",1545600242618,1,1,1,45.92656726,-89.63297532
"633",1545600,"Big Arbor Vitae",1545600242718,0,0,1,45.92657967,-89.63295805
"634",1545600,"Big Arbor Vitae",1545600242818,0,0,1,45.92659316,-89.63294221
"635",1545600,"Big Arbor Vitae",1545600242918,0,0,1,45.92669785,-89.63285211
"636",1545600,"Big Arbor Vitae",1545600243018,0,0,1,45.92670942,-89.63283199
"637",1545600,"Big Arbor Vitae",1545600243118,1,0,1,45.92684881,-89.63265538
"638",1545600,"Big Arbor Vitae",1545600243218,0,0,1,45.92708124,-89.63231935
"639",1545600,"Big Arbor Vitae",1545600243318,1,1,1,45.92722625,-89.63210997
"640",1545600,"Big Arbor Vitae",1545600243418,2,1,1,45.92738466,-89.63187913
"641",1545600,"Big Arbor Vitae",1545600243518,0,0,1,45.92748474,-89.6317674
"642",1545600,"Big Arbor Vitae",1545600243618,1,0,1,45.92758776,-89.63163656
"643",1545600,"Big Arbor Vitae",1545600243718,1,0,1,45.92760603,-89.63162248
"644",1545600,"Big Arbor Vitae",1545600243818,0,1,1,45.92764551,-89.63160471
"645",1545600,"Big Arbor Vitae",1545600243918,0,1,1,45.92794726,-89.63134638
"646",1545600,"Big Arbor Vitae",1545600244018,1,1,1,45.92799151,-89.63130179
"647",1545600,"Big Arbor Vitae",1545600244118,1,1,1,45.92801758,-89.63127321
"648",1545600,"Big Arbor Vitae",1545600244218,1,1,1,45.92849501,-89.63089686
"649",1545600,"Big Arbor Vitae",1545600244318,0,0,1,45.92878059,-89.63032697
"650",1545600,"Big Arbor Vitae",1545600244418,1,0,1,45.92911913,-89.62993529
"651",1545600,"Big Arbor Vitae",1545600244518,1,0,1,45.92913631,-89.62992003
"652",1545600,"Big Arbor Vitae",1545600244618,1,0,1,45.92926137,-89.62977544
"653",1545600,"Big Arbor Vitae",1545600244718,1,1,1,45.9296404,-89.62960009
"654",1545600,"Big Arbor Vitae",1545600244818,1,1,1,45.93019428,-89.62966103
"655",1545600,"Big Arbor Vitae",1545600244918,1,0,1,45.93037231,-89.62972641
"656",1545600,"Big Arbor Vitae",1545600245018,2,1,1,45.93049594,-89.6297933
"657",1545600,"Big Arbor Vitae",1545600245118,1,1,1,45.93092971,-89.63006412
"658",1545600,"Big Arbor Vitae",1545600245218,0,0,1,45.93179438,-89.63050794
"659",1545600,"Big Arbor Vitae",1545600245318,0,1,1,45.93188834,-89.6305439
"660",1545600,"Big Arbor Vitae",1545600245418,0,0,1,45.93237449,-89.63094564
"661",1545600,"Big Arbor Vitae",1545600245518,0,0,1,45.93267121,-89.63137446
"662",1545600,"Big Arbor Vitae",1545600245618,0,0,1,45.93268655,-89.63138628
"663",1545600,"Big Arbor Vitae",1545600245718,0,1,1,45.93286701,-89.6316835
"664",1545600,"Big Arbor Vitae",1545600245818,1,1,1,45.93302635,-89.63191308
"665",1545600,"Big Arbor Vitae",1545600245918,0,0,1,45.93321084,-89.63227266
"666",1545600,"Big Arbor Vitae",1545600246018,0,0,1,45.93332433,-89.63247257
"667",1545600,"Big Arbor Vitae",1545600246118,0,0,1,45.93337655,-89.63254591
"668",1545600,"Big Arbor Vitae",1545600246218,1,1,1,45.93338619,-89.63256301
"669",1545600,"Big Arbor Vitae",1545600246318,0,0,1,45.93350194,-89.63282109
"670",1545600,"Big Arbor Vitae",1545600246418,0,1,1,45.93368568,-89.63330255
"671",1545600,"Big Arbor Vitae",1545600246518,2,1,1,45.93374292,-89.63339039
"672",1545600,"Big Arbor Vitae",1545600246618,0,0,1,45.93395281,-89.63382156
"673",1545600,"Big Arbor Vitae",1545600246718,0,0,1,45.93412438,-89.63456855
"674",1545600,"Big Arbor Vitae",1545600246818,2,1,1,45.93412841,-89.63459655
"675",1545600,"Big Arbor Vitae",1545600246918,0,0,1,45.93420921,-89.63477927
"676",1545600,"Big Arbor Vitae",1545600247118,0,0,1,45.93422036,-89.63478807
"677",1545600,"Big Arbor Vitae",1545600247218,0,1,1,45.93422958,-89.63479335
"678",1545600,"Big Arbor Vitae",1545600247318,1,1,1,45.93407342,-89.63508479
"679",1545600,"Big Arbor Vitae",1545600247418,1,0,1,45.93399195,-89.63524899
"680",1545600,"Big Arbor Vitae",1545600247518,0,0,1,45.93392464,-89.63533407
"681",1545600,"Big Arbor Vitae",1545600247618,0,0,1,45.93391668,-89.63534539
"682",1545600,"Big Arbor Vitae",1545600247718,2,1,1,45.93383722,-89.63544521
"683",1545600,"Big Arbor Vitae",1545600247818,0,1,1,45.93369339,-89.63568452
"684",1545600,"Big Arbor Vitae",1545600247918,1,1,1,45.93358057,-89.6362104
"685",1545600,"Big Arbor Vitae",1545600248018,0,0,1,45.93335987,-89.63662153
"686",1545600,"Big Arbor Vitae",1545600248118,1,1,1,45.93330698,-89.63669864
"687",1545600,"Big Arbor Vitae",1545600248218,1,1,1,45.93328628,-89.63672924
"688",1545600,"Big Arbor Vitae",1545600248318,0,0,1,45.93316231,-89.63690434
"689",1545600,"Big Arbor Vitae",1545600248418,0,1,1,45.93293072,-89.63730541
"690",1545600,"Big Arbor Vitae",1545600248518,0,1,1,45.93288177,-89.63737749
"691",1545600,"Big Arbor Vitae",1545600248618,0,0,1,45.932865,-89.63739744
"692",1545600,"Big Arbor Vitae",1545600248718,1,0,1,45.93285218,-89.63741521
"693",1545600,"Big Arbor Vitae",1545600248818,1,1,1,45.93279208,-89.63749845
"694",1545600,"Big Arbor Vitae",1545600248918,1,1,1,45.93270265,-89.63756475
"695",1545600,"Big Arbor Vitae",1545600249018,1,0,1,45.93265546,-89.63759501
"696",1545600,"Big Arbor Vitae",1545600249118,0,0,1,45.93232521,-89.63777069
"697",1545600,"Big Arbor Vitae",1545600249218,0,0,1,45.93219764,-89.6377753
"698",1545600,"Big Arbor Vitae",1545600249318,0,1,1,45.93209219,-89.63779307
"699",1545600,"Big Arbor Vitae",1545600249418,0,1,1,45.93208574,-89.63780162
"700",1545600,"Big Arbor Vitae",1545600249518,0,1,1,45.93206252,-89.63787236
"701",1545600,"Big Arbor Vitae",1545600249618,1,1,1,45.93203587,-89.63792123
"702",1545600,"Big Arbor Vitae",1545600249718,0,0,1,45.93202136,-89.63792928
"703",1545600,"Big Arbor Vitae",1545600249818,0,0,1,45.93197996,-89.63795828
"704",1545600,"Big Arbor Vitae",1545600249918,0,0,1,45.93197267,-89.63796322
"705",1545600,"Big Arbor Vitae",1545600250018,0,0,1,45.93174292,-89.63816749
"706",1545600,"Big Arbor Vitae",1545600250118,0,1,1,45.93162348,-89.63831476
"707",1545600,"Big Arbor Vitae",1545600250218,0,1,1,45.93158727,-89.63835985
"708",1545600,"Big Arbor Vitae",1545600250318,2,0,1,45.93150571,-89.63841308
"709",1545600,"Big Arbor Vitae",1545600250418,1,0,1,45.93146816,-89.63847703
"710",1545600,"Big Arbor Vitae",1545600250518,0,1,1,45.93139188,-89.63857267
"711",1545600,"Big Arbor Vitae",1545600250618,0,0,1,45.93133095,-89.63861877
"712",1545600,"Big Arbor Vitae",1545600250718,1,0,1,45.93122492,-89.63870636
"713",1545600,"Big Arbor Vitae",1545600250818,2,0,1,45.93121394,-89.63871659
"714",1545600,"Big Arbor Vitae",1545600250918,0,1,1,45.9312048,-89.63872329
"715",1545600,"Big Arbor Vitae",1545600251018,1,1,1,45.93092174,-89.63887216
"716",1545600,"Big Arbor Vitae",1545600251118,0,1,1,45.93084555,-89.63896712
"717",1545600,"Big Arbor Vitae",1545600251218,0,1,1,45.93087187,-89.63889956
"718",1545600,"Big Arbor Vitae",1545600251318,0,0,1,45.9306811,-89.63914624
"719",1545600,"Big Arbor Vitae",1545600251418,0,0,1,45.93063483,-89.63917181
"720",1545600,"Big Arbor Vitae",1545600251518,2,1,1,45.93057398,-89.63921581
"721",1545600,"Big Arbor Vitae",1545600251618,0,0,1,45.93054783,-89.63923937
"722",1545600,"Big Arbor Vitae",1545600251718,0,0,1,45.93053701,-89.63924909
"723",1545600,"Big Arbor Vitae",1545600251918,1,1,1,45.93052184,-89.63926108
"724",1545600,"Big Arbor Vitae",1545600252018,2,1,1,45.93049091,-89.63927801
"725",1545600,"Big Arbor Vitae",1545600252118,2,1,1,45.93048136,-89.63927021
"726",1545600,"Big Arbor Vitae",1545600252218,0,1,1,45.93042159,-89.63936392
"727",1545600,"Big Arbor Vitae",1545600252318,2,1,1,45.93028078,-89.63937482
"728",1545600,"Big Arbor Vitae",1545600252418,0,1,1,45.93022085,-89.63918908
"729",1545600,"Big Arbor Vitae",1545600252518,0,1,1,45.93022202,-89.63916074
"730",1545600,"Big Arbor Vitae",1545600252618,0,1,1,45.92999152,-89.63867879
"731",1545600,"Big Arbor Vitae",1545600252718,0,0,1,45.92989085,-89.63916074
"732",1545600,"Big Arbor Vitae",1545600252818,0,0,1,45.92974828,-89.63961454
"733",1545600,"Big Arbor Vitae",1545600252918,2,1,1,45.92980108,-89.63980841
"734",1545600,"Big Arbor Vitae",1545600253018,0,0,1,45.92999043,-89.6410916
"735",1545600,"Big Arbor Vitae",1545600253118,0,0,1,45.93005656,-89.64136099
"736",1545600,"Big Arbor Vitae",1545600253218,0,0,1,45.9302563,-89.64186517
"737",1545600,"Big Arbor Vitae",1545600253318,1,1,1,45.93030693,-89.64221939
"738",1545600,"Big Arbor Vitae",1545600253418,2,1,1,45.9304195,-89.64257578
"739",1545600,"Big Arbor Vitae",1545600253518,0,0,1,45.93051019,-89.64280511
"740",1545600,"Big Arbor Vitae",1545600253618,0,0,1,45.93064346,-89.64351657
"741",1545600,"Big Arbor Vitae",1545600253718,2,1,1,45.93083918,-89.64439776
"742",1545600,"Big Arbor Vitae",1545600253818,2,1,1,45.93084522,-89.64442072
"743",1545600,"Big Arbor Vitae",1545600253918,2,1,1,45.93085008,-89.6444457
"744",1545600,"Big Arbor Vitae",1545600254018,2,1,1,45.93101948,-89.64534902
"745",1545600,"Big Arbor Vitae",1545600254118,1,0,1,45.93117714,-89.64632744
"746",1545600,"Big Arbor Vitae",1545600254218,2,1,1,45.93130438,-89.64700797
"747",1545600,"Big Arbor Vitae",1545600254318,2,1,1,45.93144427,-89.64819283
"748",1545600,"Big Arbor Vitae",1545600254418,0,0,1,45.93275461,-89.64836374
"749",1545600,"Big Arbor Vitae",1545600254518,0,0,1,45.93281614,-89.64834203
"750",1545600,"Big Arbor Vitae",1545600254618,1,0,1,45.93283516,-89.648337
"751",1545600,"Big Arbor Vitae",1545600254718,1,1,1,45.93373463,-89.64817892
"752",1545600,"Big Arbor Vitae",1545600254818,2,1,1,45.9345413,-89.6478242
"753",1545600,"Big Arbor Vitae",1545600254918,0,0,1,45.93476107,-89.64768916
"754",1545600,"Big Arbor Vitae",1545600255018,0,0,1,45.93488437,-89.64760719
"755",1545600,"Big Arbor Vitae",1545600255118,1,1,1,45.93528201,-89.64747618
"756",1545600,"Big Arbor Vitae",1545600255218,1,0,1,45.93533817,-89.64744131
"757",1545600,"Big Arbor Vitae",1545600255318,0,1,1,45.93544185,-89.64739923
"758",1545600,"Big Arbor Vitae",1545600255418,0,0,1,45.93557278,-89.64735062
"759",1545600,"Big Arbor Vitae",1545600255518,0,1,1,45.93579196,-89.64730888
"760",1545600,"Big Arbor Vitae",1545600255618,0,0,1,45.93611056,-89.6472186
"761",1545600,"Big Arbor Vitae",1545600255718,1,1,1,45.9371148,-89.64711651
"762",1545600,"Big Arbor Vitae",1545600255818,2,1,1,45.93721261,-89.64708349
"763",1545600,"Big Arbor Vitae",1545600255918,2,1,1,45.93732879,-89.6470689
"764",1545600,"Big Arbor Vitae",1545600256018,2,1,1,45.93840561,-89.64717594
"765",1545600,"Big Arbor Vitae",1545600256118,2,1,1,45.93894113,-89.64729572
"766",1545600,"Big Arbor Vitae",1545600256218,1,1,1,45.93931421,-89.64735883
"767",1545600,"Big Arbor Vitae",1545600256318,1,1,1,45.94008316,-89.64787625
"768",1545600,"Big Arbor Vitae",1545600256418,2,1,1,45.94050058,-89.64826869
"769",1545600,"Big Arbor Vitae",1545600256518,1,1,1,45.94056713,-89.64830448
"770",1545600,"Big Arbor Vitae",1545600256618,0,0,1,45.94113702,-89.64842652
"771",1545600,"Big Arbor Vitae",1545600256718,1,1,1,45.94124305,-89.64848846
"772",1545600,"Big Arbor Vitae",1545600256818,0,0,1,45.94214377,-89.64938181
"773",1545600,"Big Arbor Vitae",1545600256918,1,0,1,45.94246421,-89.64979503
"774",1545600,"Big Arbor Vitae",1545600257018,1,0,1,45.94263227,-89.65030893
"775",1545600,"Big Arbor Vitae",1545600257118,0,0,1,45.94270301,-89.65046785
"776",1545600,"Big Arbor Vitae",1545600257218,0,0,1,45.94277275,-89.65053356
"777",1545600,"Big Arbor Vitae",1545600257318,1,1,1,45.94283327,-89.65087655
"778",1545600,"Big Arbor Vitae",1545600257418,0,0,1,45.94284802,-89.65090555
"779",1545600,"Big Arbor Vitae",1545600257518,0,0,1,45.94294332,-89.65110135
"780",1545600,"Big Arbor Vitae",1545600257618,1,0,1,45.94303016,-89.65129321
"781",1545600,"Big Arbor Vitae",1545600257718,1,1,1,45.94311004,-89.65152916
"782",1545600,"Big Arbor Vitae",1545600257818,1,1,1,45.94312546,-89.6515704
"783",1545600,"Big Arbor Vitae",1545600257918,0,1,1,45.9431636,-89.65179437
"784",1545600,"Big Arbor Vitae",1545600258018,0,1,1,45.94316913,-89.65181482
"785",1545600,"Big Arbor Vitae",1545600258118,2,1,1,45.94326217,-89.65209754
"786",1545600,"Big Arbor Vitae",1545600258218,2,1,1,45.94327122,-89.65248697
"787",1545600,"Big Arbor Vitae",1545600258318,1,1,1,45.9434775,-89.6541361
"788",1545600,"Big Arbor Vitae",1545600258418,0,0,1,45.94332704,-89.65836947
"789",1545600,"Big Arbor Vitae",1545600258518,1,1,1,45.94300166,-89.65995993
"790",1545600,"Big Arbor Vitae",1545600258618,1,0,1,45.94296075,-89.66013327
"791",1545600,"Big Arbor Vitae",1545600258718,0,0,1,45.94198887,-89.6623383
"792",1545600,"Big Arbor Vitae",1545600258818,0,0,1,45.94176239,-89.66261557
"793",1545600,"Big Arbor Vitae",1545600258918,2,1,1,45.94141237,-89.66299075
"794",1545600,"Big Arbor Vitae",1545600259018,0,0,1,45.94121564,-89.66327447
"795",1545600,"Big Arbor Vitae",1545600259118,0,0,1,45.94119418,-89.66329015
"796",1545600,"Big Arbor Vitae",1545600259218,0,1,1,45.94109955,-89.66336927
"797",1545600,"Big Arbor Vitae",1545600259318,0,0,1,45.94098355,-89.66362978
"798",1545600,"Big Arbor Vitae",1545600259418,0,0,1,45.94068632,-89.66398451
"799",1545600,"Big Arbor Vitae",1545600259518,1,0,1,45.9406139,-89.66406782
"800",1545600,"Big Arbor Vitae",1545600259618,2,0,1,45.94054995,-89.66416053
"801",1545600,"Big Arbor Vitae",1545600259718,0,0,1,45.9398105,-89.66606791
"802",1545600,"Big Arbor Vitae",1545600259818,0,0,1,45.93979298,-89.66608258
"803",1545600,"Big Arbor Vitae",1545600259918,0,0,1,45.93976683,-89.6660944
"804",1545600,"Big Arbor Vitae",1545600260018,0,0,1,45.9397468,-89.66610136
"805",1545600,"Big Arbor Vitae",1545600260118,0,0,1,45.93968175,-89.66609423
"806",1545600,"Big Arbor Vitae",1545600260218,0,0,1,45.93964563,-89.66608518
"807",1545600,"Big Arbor Vitae",1545600260318,0,0,1,45.93962627,-89.66607604
"808",1545600,"Big Arbor Vitae",1545600260418,0,0,1,45.93960263,-89.66606749
"809",1545600,"Big Arbor Vitae",1545600260518,0,0,1,45.93956851,-89.66605467
"810",1545600,"Big Arbor Vitae",1545600260618,0,0,1,45.9395121,-89.66605391
"811",1545600,"Big Arbor Vitae",1545600260718,0,0,1,45.93949333,-89.66604847
"812",1545600,"Big Arbor Vitae",1545600260818,0,0,1,45.9394748,-89.6660431
"813",1545600,"Big Arbor Vitae",1545600260918,0,0,1,45.93945729,-89.66604578
"814",1545600,"Big Arbor Vitae",1545600261018,0,0,1,45.9380679,-89.66627578
"815",1545600,"Big Arbor Vitae",1545600261118,0,1,1,45.93805508,-89.6662969
"816",1545600,"Big Arbor Vitae",1545600261218,1,0,1,45.93803144,-89.66633999
"817",1545600,"Big Arbor Vitae",1545600261318,2,0,1,45.93795835,-89.6664741
"818",1545600,"Big Arbor Vitae",1545600261418,0,0,1,45.93795223,-89.66649732
"819",1545600,"Big Arbor Vitae",1545600261518,0,0,1,45.93794527,-89.66651877
"820",1545600,"Big Arbor Vitae",1545600261618,0,0,1,45.93793865,-89.66653411
"821",1545600,"Big Arbor Vitae",1545600261818,1,0,1,45.93793128,-89.66655532
"822",1545600,"Big Arbor Vitae",1545600261918,0,0,1,45.93791141,-89.66659765
"823",1545600,"Big Arbor Vitae",1545600262018,1,1,1,45.93780689,-89.66683645
"824",1545600,"Big Arbor Vitae",1545600262118,0,1,1,45.93773849,-89.66702077
"825",1545600,"Big Arbor Vitae",1545600262218,0,0,1,45.93762919,-89.66722403
"826",1545600,"Big Arbor Vitae",1545600262418,0,1,1,45.93751587,-89.66732956
"827",1545600,"Big Arbor Vitae",1545600262618,1,0,1,45.93731563,-89.66739275
"828",1545600,"Big Arbor Vitae",1545600262718,0,0,1,45.93714464,-89.66726443
"829",1545600,"Big Arbor Vitae",1545600262818,2,1,1,45.93703156,-89.66692831
"830",1545600,"Big Arbor Vitae",1545600263018,0,0,1,45.93697884,-89.66676529
"831",1545600,"Big Arbor Vitae",1545600263118,0,0,1,45.93697281,-89.66676671
"832",1545600,"Big Arbor Vitae",1545600263218,0,1,1,45.93696417,-89.66679839
"833",1545600,"Big Arbor Vitae",1545600263318,0,0,1,45.93692067,-89.66674609
"834",1545600,"Big Arbor Vitae",1545600263518,0,0,1,45.93687499,-89.66650084
"835",1545600,"Big Arbor Vitae",1545600263618,0,0,1,45.93685571,-89.66646295
"836",1545600,"Big Arbor Vitae",1545600263718,0,0,1,45.93682629,-89.66642188
"837",1545600,"Big Arbor Vitae",1545600263818,1,1,1,45.93681179,-89.66640428
"838",1545600,"Big Arbor Vitae",1545600263918,0,0,1,45.93665631,-89.66627654
"839",1545600,"Big Arbor Vitae",1545600264018,2,1,1,45.93660786,-89.66624628
"840",1545600,"Big Arbor Vitae",1545600264118,0,0,1,45.93647609,-89.6662213
"841",1545600,"Big Arbor Vitae",1545600264218,0,0,1,45.93645204,-89.66622247
"842",1545600,"Big Arbor Vitae",1545600264318,0,1,1,45.93636537,-89.66622566
"843",1545600,"Big Arbor Vitae",1545600264518,0,0,1,45.93625339,-89.66611217
"844",1545600,"Big Arbor Vitae",1545600264618,0,0,1,45.93624048,-89.66608459
"845",1545600,"Big Arbor Vitae",1545600264718,0,0,1,45.93622631,-89.66605693
"846",1545600,"Big Arbor Vitae",1545600264818,1,1,1,45.93621676,-89.66603497
"847",1545600,"Big Arbor Vitae",1545600264918,0,0,1,45.93554604,-89.66508279
"848",1545600,"Big Arbor Vitae",1545600265018,0,0,1,45.93520624,-89.66496125
"849",1545600,"Big Arbor Vitae",1545600265118,0,0,1,45.93512359,-89.66495915
"850",1545600,"Big Arbor Vitae",1545600265218,0,0,1,45.93505394,-89.66495052
"851",1545600,"Big Arbor Vitae",1545600265318,0,0,1,45.93500624,-89.66494222
"852",1545600,"Big Arbor Vitae",1545600265418,0,1,1,45.93492477,-89.66494205
"853",1545600,"Big Arbor Vitae",1545600265518,0,0,1,45.9348811,-89.66494096
"854",1545600,"Big Arbor Vitae",1545600265618,0,1,1,45.93486032,-89.66494029
"855",1545600,"Big Arbor Vitae",1545600265718,0,1,1,45.93484506,-89.6649356
"856",1545600,"Big Arbor Vitae",1545600265818,0,0,1,45.93470567,-89.66471532
"857",1545600,"Big Arbor Vitae",1545600265918,0,1,1,45.93467323,-89.66460301
"858",1545600,"Big Arbor Vitae",1545600266018,0,1,1,45.93461774,-89.66441123
"859",1545600,"Big Arbor Vitae",1545600266118,0,1,1,45.93459385,-89.66428005
"860",1545600,"Big Arbor Vitae",1545600266218,0,0,1,45.93458237,-89.66421358
"861",1545600,"Big Arbor Vitae",1545600266318,2,1,1,45.93446142,-89.66375241
"862",1545600,"Big Arbor Vitae",1545600266418,1,1,1,45.93443326,-89.6636649
"863",1545600,"Big Arbor Vitae",1545600266518,0,0,1,45.93442286,-89.6636271
"864",1545600,"Big Arbor Vitae",1545600266618,0,0,1,45.93433502,-89.6633484
"865",1545600,"Big Arbor Vitae",1545600266718,0,1,1,45.93429881,-89.6632733
"866",1545600,"Big Arbor Vitae",1545600266818,0,0,1,45.93425791,-89.66318269
"867",1545600,"Big Arbor Vitae",1545600266918,0,0,1,45.93409278,-89.66298111
"868",1545600,"Big Arbor Vitae",1545600267018,0,1,1,45.93386094,-89.66278589
"869",1545600,"Big Arbor Vitae",1545600267118,0,1,1,45.9338021,-89.66274382
"870",1545600,"Big Arbor Vitae",1545600267218,1,0,1,45.93378391,-89.66273258
"871",1545600,"Big Arbor Vitae",1545600267318,0,1,1,45.93359658,-89.66252035
"872",1545600,"Big Arbor Vitae",1545600267418,0,0,1,45.93357252,-89.66249152
"873",1545600,"Big Arbor Vitae",1545600267518,0,0,1,45.9335379,-89.66244349
"874",1545600,"Big Arbor Vitae",1545600267618,1,0,1,45.93352826,-89.66241382
"875",1545600,"Big Arbor Vitae",1545600267718,0,1,1,45.93354695,-89.66229295
"876",1545600,"Big Arbor Vitae",1545600267818,0,1,1,45.93349876,-89.66238524
"877",1545600,"Big Arbor Vitae",1545600267918,0,1,1,45.93347076,-89.66236169
"878",1545600,"Big Arbor Vitae",1545600268018,0,1,1,45.93336532,-89.66220989
"879",1545600,"Big Arbor Vitae",1545600268118,0,1,1,45.93329684,-89.66194293
"880",1545600,"Big Arbor Vitae",1545600268218,0,1,1,45.93327287,-89.66177478
"881",1545600,"Big Arbor Vitae",1545600268318,0,1,1,45.93327496,-89.66172122
"882",1545600,"Big Arbor Vitae",1545600268418,0,0,1,45.93357537,-89.66094003
"883",1545600,"Big Arbor Vitae",1545600268518,0,1,1,45.93295989,-89.66035958
"884",1545600,"Big Arbor Vitae",1545600268618,0,1,1,45.93288881,-89.66026738
"885",1545600,"Big Arbor Vitae",1545600268718,0,1,1,45.93281915,-89.66011249
"886",1545600,"Big Arbor Vitae",1545600268818,0,0,1,45.93262662,-89.65983563
"887",1545600,"Big Arbor Vitae",1545600268918,1,0,1,45.93231004,-89.65969247
"888",1545600,"Big Arbor Vitae",1545600269018,0,0,1,45.93221381,-89.65965743
"889",1545600,"Big Arbor Vitae",1545600269118,1,1,1,45.93210183,-89.65960597
"890",1545600,"Big Arbor Vitae",1545600269218,0,0,1,45.93188256,-89.65949885
"891",1545600,"Big Arbor Vitae",1545600269318,0,0,1,45.93178407,-89.65947236
"892",1545600,"Big Arbor Vitae",1545600269418,0,1,1,45.93150009,-89.6593556
"893",1545600,"Big Arbor Vitae",1545600269518,0,1,1,45.93147143,-89.65934303
"894",1545600,"Big Arbor Vitae",1545600269618,0,1,1,45.93133522,-89.65930682
"895",1545600,"Big Arbor Vitae",1545600269718,0,0,1,45.93100179,-89.65922224
"896",1545600,"Big Arbor Vitae",1545600269818,0,1,1,45.93086508,-89.65920808
"897",1545600,"Big Arbor Vitae",1545600269918,0,1,1,45.93084647,-89.65920271
"898",1545600,"Big Arbor Vitae",1545600270018,0,1,1,45.93068437,-89.65916022
"899",1545600,"Big Arbor Vitae",1545600270118,0,0,1,45.93066165,-89.65915385
"900",1545600,"Big Arbor Vitae",1545600270218,0,1,1,45.93064623,-89.65915234
"901",1545600,"Big Arbor Vitae",1545600270318,0,1,1,45.9306293,-89.65914991
"902",1545600,"Big Arbor Vitae",1545600270418,0,1,1,45.93004919,-89.65903223
"903",1545600,"Big Arbor Vitae",1545600270518,0,0,1,45.92975121,-89.65896123
"904",1545600,"Big Arbor Vitae",1545600270618,0,1,1,45.92963487,-89.65888252
"905",1545600,"Big Arbor Vitae",1545600270718,0,1,1,45.92869744,-89.65840677
"906",1545600,"Big Arbor Vitae",1545600270818,0,0,1,45.92861932,-89.65837752
"907",1545600,"Big Arbor Vitae",1545600270918,0,1,1,45.92807768,-89.65814592
"908",1545600,"Big Arbor Vitae",1545600271118,0,1,1,45.92782396,-89.65803897
"909",1545600,"Big Arbor Vitae",1545600271318,1,1,1,45.92775623,-89.65802003
"910",1545600,"Big Arbor Vitae",1545600271418,1,1,1,45.92773511,-89.65801165
"911",1545600,"Big Arbor Vitae",1545600271518,1,0,1,45.92740956,-89.65791785
"912",1545600,"Big Arbor Vitae",1545600271618,1,0,1,45.92727654,-89.65791081
"913",1545600,"Big Arbor Vitae",1545600271718,1,0,1,45.9246074,-89.65798331
"914",1545600,"Big Arbor Vitae",1545600271818,2,0,1,45.92372538,-89.6578938
"915",1545600,"Big Arbor Vitae",1545600271918,2,1,1,45.92350711,-89.65781098
"916",1545600,"Big Arbor Vitae",1545600272018,2,1,1,45.92306321,-89.65768978
"917",1545600,"Big Arbor Vitae",1545600272118,1,0,1,45.92183115,-89.65809932
"918",1545600,"Big Arbor Vitae",1545600272318,1,1,1,45.91944801,-89.65848581
"919",1545600,"Big Arbor Vitae",1545600272418,2,1,1,45.91806952,-89.65265653
"920",1545600,"Big Arbor Vitae",1545600272518,2,1,1,45.91807539,-89.65260473
"921",1545600,"Big Arbor Vitae",1545600272618,1,1,1,45.91811026,-89.6523728
"922",1545600,"Big Arbor Vitae",1545600272718,1,0,1,45.91811336,-89.65234078
"923",1545600,"Big Arbor Vitae",1545600272818,1,0,1,45.91811688,-89.65228505
"924",1545600,"Big Arbor Vitae",1545600272918,0,1,1,45.91812082,-89.6522563
"925",1545600,"Big Arbor Vitae",1545600273018,1,1,1,45.91820925,-89.65188355
"926",1545600,"Big Arbor Vitae",1545600273118,0,1,1,45.91971355,-89.64884436
"927",1545600,"Big Arbor Vitae",1545600273218,0,1,1,45.919864,-89.64870212
"928",1545600,"Big Arbor Vitae",1545600273318,0,1,1,45.92134424,-89.64837732
"929",1545600,"Big Arbor Vitae",1545600273418,0,1,1,45.92054151,-89.64522405
"930",1545600,"Big Arbor Vitae",1545600273518,0,1,1,45.92056322,-89.64333803
"931",1545600,"Big Arbor Vitae",1545600273618,0,0,1,45.92024446,-89.64083226
"932",1545600,"Big Arbor Vitae",1545600273718,0,1,1,45.92038628,-89.64011318
"933",1545600,"Big Arbor Vitae",1545600273818,0,0,1,45.92036935,-89.64006004
"934",1545600,"Big Arbor Vitae",1545600273918,0,0,1,45.92030598,-89.63987815
"935",1545600,"Big Arbor Vitae",1545600274118,2,1,1,45.91948983,-89.64000438
"936",1545600,"Big Arbor Vitae",1545600274218,0,0,1,45.91916646,-89.6402457
"937",1545600,"Big Arbor Vitae",1545600274318,0,0,1,45.91910427,-89.64028367
"938",1545600,"Big Arbor Vitae",1545600274418,1,0,1,45.91845794,-89.63978226
"939",1545600,"Big Arbor Vitae",1545600274518,0,0,1,45.9182048,-89.6390232
"940",1545600,"Big Arbor Vitae",1545600274618,0,1,1,45.91819659,-89.63895815
"941",1545600,"Big Arbor Vitae",1545600274718,0,0,1,45.91813783,-89.63872698
"942",1545600,"Big Arbor Vitae",1545600274818,0,0,1,45.91790046,-89.63803346
"943",1545600,"Big Arbor Vitae",1545600274918,0,0,1,45.91786793,-89.63800706
"944",1545600,"Big Arbor Vitae",1545600275018,0,0,1,45.91772879,-89.63776994
"945",1545600,"Big Arbor Vitae",1545600275118,0,0,1,45.9176832,-89.63763432
"946",1545600,"Big Arbor Vitae",1545600275218,0,0,1,45.91775511,-89.63723701
"947",1545600,"Big Arbor Vitae",1545600275318,0,0,1,45.91783122,-89.63712788
