WBIC,LAKE_NAME,UNIQUE_ID,BRANCH,TOUCH_SHORE,IN_WATER,LATITUDE,LONGITUDE
1629500,Big Portage Lake,1629500118,0,1,0,46.125515,-89.279044
1629500,Big Portage Lake,1629500218,0,1,0,46.125281,-89.280157
1629500,Big Portage Lake,1629500318,0,1,1,46.124379999999995,-89.281463
1629500,Big Portage Lake,1629500418,0,1,0,46.123906999999996,-89.282197
1629500,Big Portage Lake,1629500518,1,0,1,46.123881,-89.28226099999999
1629500,Big Portage Lake,1629500618,0,1,1,46.123928,-89.282626
1629500,Big Portage Lake,1629500718,0,1,1,46.124446999999996,-89.283118
1629500,Big Portage Lake,1629500818,1,0,1,46.124559999999995,-89.28331899999999
1629500,Big Portage Lake,1629500918,0,1,1,46.123847999999995,-89.28483899999999
1629500,Big Portage Lake,16295001018,0,1,1,46.123802999999995,-89.28484
1629500,Big Portage Lake,16295001118,0,1,0,46.123115,-89.284808
1629500,Big Portage Lake,16295001218,0,0,0,46.121803,-89.286362
1629500,Big Portage Lake,16295001318,0,1,1,46.120456,-89.28620099999999
1629500,Big Portage Lake,16295001418,1,1,1,46.120447999999996,-89.286136
1629500,Big Portage Lake,16295001518,0,1,0,46.120415,-89.286014
1629500,Big Portage Lake,16295001618,1,1,1,46.119167,-89.28214299999999
1629500,Big Portage Lake,16295001718,1,1,0,46.116901999999996,-89.280005
1629500,Big Portage Lake,16295001818,0,0,1,46.114565999999996,-89.282054
1629500,Big Portage Lake,16295001918,0,0,1,46.114611,-89.28211399999999
1629500,Big Portage Lake,16295002018,0,0,1,46.11475,-89.28230099999999
1629500,Big Portage Lake,16295002118,0,0,1,46.114787,-89.28233
1629500,Big Portage Lake,16295002218,0,0,1,46.115652,-89.28311099999999
1629500,Big Portage Lake,16295002318,0,0,1,46.115677999999996,-89.283107
1629500,Big Portage Lake,16295002418,0,1,1,46.115814,-89.283176
1629500,Big Portage Lake,16295002518,0,1,1,46.115975999999996,-89.283485
1629500,Big Portage Lake,16295002618,0,1,1,46.116132,-89.283626
1629500,Big Portage Lake,16295002718,0,1,1,46.116215,-89.283744
1629500,Big Portage Lake,16295002818,0,1,0,46.116243999999995,-89.28378
1629500,Big Portage Lake,16295002918,0,1,1,46.116797,-89.284604
1629500,Big Portage Lake,16295003018,0,0,1,46.117621,-89.28644299999999
1629500,Big Portage Lake,16295003118,1,1,1,46.118691,-89.286869
1629500,Big Portage Lake,16295003218,0,1,0,46.118722,-89.28843599999999
1629500,Big Portage Lake,16295003318,2,1,1,46.118576,-89.28894299999999
1629500,Big Portage Lake,16295003418,0,0,1,46.117641,-89.293122
1629500,Big Portage Lake,16295003518,0,0,1,46.117599,-89.293221
1629500,Big Portage Lake,16295003618,0,0,1,46.117461999999996,-89.293404
1629500,Big Portage Lake,16295003718,0,1,0,46.117121,-89.294004
1629500,Big Portage Lake,16295003818,0,1,0,46.117104999999995,-89.29403599999999
1629500,Big Portage Lake,16295003918,0,1,1,46.117083,-89.294074
1629500,Big Portage Lake,16295004018,0,1,1,46.117059999999995,-89.294107
1629500,Big Portage Lake,16295004118,0,0,1,46.116937,-89.294202
1629500,Big Portage Lake,16295004218,0,1,1,46.116825999999996,-89.294378
1629500,Big Portage Lake,16295004318,0,0,1,46.116675,-89.295003
1629500,Big Portage Lake,16295004418,0,0,1,46.11672,-89.295745
1629500,Big Portage Lake,16295004518,0,1,0,46.116751,-89.29595499999999
1629500,Big Portage Lake,16295004618,0,1,1,46.116800999999995,-89.295977
1629500,Big Portage Lake,16295004718,0,1,1,46.116841,-89.29611
1629500,Big Portage Lake,16295004818,0,0,1,46.116859,-89.29624799999999
1629500,Big Portage Lake,16295004918,2,1,0,46.118500000000004,-89.29621999999999
1629500,Big Portage Lake,16295005018,0,0,1,46.119625,-89.296482
1629500,Big Portage Lake,16295005118,1,1,1,46.119837,-89.296651
1629500,Big Portage Lake,16295005218,1,1,1,46.119872,-89.296684
1629500,Big Portage Lake,16295005318,1,1,1,46.120075,-89.297028
1629500,Big Portage Lake,16295005418,0,1,1,46.120889999999996,-89.297738
1629500,Big Portage Lake,16295005518,0,1,1,46.121176999999996,-89.297879
1629500,Big Portage Lake,16295005618,1,1,0,46.125471999999995,-89.295971
1629500,Big Portage Lake,16295005718,0,1,0,46.125510999999996,-89.295942
1629500,Big Portage Lake,16295005818,0,0,1,46.125842999999996,-89.295891
1629500,Big Portage Lake,16295005918,2,1,0,46.125893999999995,-89.295904
1629500,Big Portage Lake,16295006018,0,0,1,46.125946,-89.295901
1629500,Big Portage Lake,16295006118,0,1,0,46.125997999999996,-89.295881
1629500,Big Portage Lake,16295006218,0,0,1,46.127252,-89.294215
1629500,Big Portage Lake,16295006318,0,1,1,46.126128,-89.292368
1629500,Big Portage Lake,16295006418,0,1,1,46.127010999999996,-89.28533499999999
1629500,Big Portage Lake,16295006518,0,0,1,46.127244,-89.284733
1629500,Big Portage Lake,16295006618,0,0,1,46.128273,-89.285787
1629500,Big Portage Lake,16295006718,0,1,1,46.128616,-89.286397
1629500,Big Portage Lake,16295006818,2,1,1,46.128705,-89.286677
1629500,Big Portage Lake,16295006918,1,1,0,46.129096,-89.287459
1629500,Big Portage Lake,16295007018,0,0,1,46.129205,-89.28757499999999
1629500,Big Portage Lake,16295007118,0,0,1,46.132639,-89.287881
1629500,Big Portage Lake,16295007218,0,1,1,46.133517,-89.28524
1629500,Big Portage Lake,16295007318,0,1,0,46.132006999999994,-89.273212
1629500,Big Portage Lake,16295007418,0,1,0,46.129953,-89.271974
1629500,Big Portage Lake,16295007518,1,1,1,46.129788999999995,-89.271898
1629500,Big Portage Lake,16295007618,0,1,1,46.129732,-89.27190499999999
1629500,Big Portage Lake,16295007718,0,1,0,46.127629,-89.27225399999999
1629500,Big Portage Lake,16295007818,0,0,1,46.126760999999995,-89.272139
1629500,Big Portage Lake,16295007918,1,0,0,46.12596,-89.27223
1629500,Big Portage Lake,16295008018,0,0,1,46.124812,-89.276156
1629500,Big Portage Lake,16295008118,2,1,1,46.124852999999995,-89.276178
1629500,Big Portage Lake,16295008218,2,1,1,46.124922999999995,-89.276206
1629500,Big Portage Lake,16295008318,2,1,1,46.12497,-89.27620399999999
1629500,Big Portage Lake,16295008418,0,1,1,46.125071999999996,-89.27622
1629500,Big Portage Lake,16295008518,0,1,1,46.125113999999996,-89.276219
1629500,Big Portage Lake,16295008618,1,0,1,46.125232999999994,-89.27625499999999
1629500,Big Portage Lake,16295008718,0,0,1,46.12547,-89.276349
1629500,Big Portage Lake,16295008818,0,0,1,46.1255,-89.27634499999999
1629500,Big Portage Lake,16295008918,0,0,1,46.125519,-89.276337
1629500,Big Portage Lake,16295009018,0,1,1,46.125535,-89.276326
1629500,Big Portage Lake,16295009118,1,1,1,46.125553,-89.27632
1629500,Big Portage Lake,16295009218,1,1,1,46.125568,-89.276314
1629500,Big Portage Lake,16295009318,2,1,0,46.125583,-89.276302
1629500,Big Portage Lake,16295009418,2,0,1,46.125648999999996,-89.276275
1629500,Big Portage Lake,16295009518,2,0,1,46.125668,-89.27625499999999
1629500,Big Portage Lake,16295009618,0,0,1,46.125679999999996,-89.276246
2328700,Papoose Lake,2328700118,2,1,0,46.239973,-89.608273
2328700,Papoose Lake,2328700218,2,1,0,46.189443,-89.807065
2328700,Papoose Lake,2328700318,2,1,0,46.189488999999995,-89.807045
2328700,Papoose Lake,2328700418,2,1,0,46.189606999999995,-89.806955
2328700,Papoose Lake,2328700518,2,1,0,46.189603999999996,-89.806958
2328700,Papoose Lake,2328700618,2,1,1,46.189706,-89.806899
2328700,Papoose Lake,2328700718,0,1,1,46.189772999999995,-89.806855
2328700,Papoose Lake,2328700818,1,0,1,46.189865,-89.80680199999999
2328700,Papoose Lake,2328700918,0,1,1,46.190219,-89.806553
2328700,Papoose Lake,23287001018,0,0,1,46.19039,-89.806473
2328700,Papoose Lake,23287001118,0,0,1,46.190857,-89.806235
2328700,Papoose Lake,23287001218,0,0,0,46.190861999999996,-89.80626199999999
2328700,Papoose Lake,23287001318,2,1,0,46.19099,-89.806049
2328700,Papoose Lake,23287001418,2,1,0,46.19115,-89.80581699999999
2328700,Papoose Lake,23287001518,0,1,1,46.191167,-89.805814
2328700,Papoose Lake,23287001618,0,0,1,46.191207999999996,-89.80577799999999
2328700,Papoose Lake,23287001718,0,0,1,46.191666,-89.805455
2328700,Papoose Lake,23287001818,1,0,1,46.191786,-89.80536599999999
2328700,Papoose Lake,23287001918,1,0,1,46.191846,-89.80535499999999
2328700,Papoose Lake,23287002018,1,1,0,46.191939999999995,-89.805281
2328700,Papoose Lake,23287002118,0,0,1,46.192111,-89.805284
2328700,Papoose Lake,23287002218,0,0,0,46.192174,-89.80530499999999
2328700,Papoose Lake,23287002318,1,1,0,46.192305,-89.805279
2328700,Papoose Lake,23287002418,0,0,1,46.192321,-89.805272
2328700,Papoose Lake,23287002518,2,1,0,46.192457,-89.80520899999999
2328700,Papoose Lake,23287002618,2,1,1,46.192453,-89.805223
2328700,Papoose Lake,23287002718,2,1,1,46.192473,-89.80524
2328700,Papoose Lake,23287002818,0,0,1,46.192524,-89.805219
2328700,Papoose Lake,23287002918,0,0,1,46.192549,-89.805218
2328700,Papoose Lake,23287003018,0,1,1,46.19262,-89.80520299999999
2328700,Papoose Lake,23287003118,0,0,1,46.192668999999995,-89.805195
2328700,Papoose Lake,23287003218,0,1,1,46.192676,-89.80518599999999
2328700,Papoose Lake,23287003318,0,1,1,46.192685,-89.805188
2328700,Papoose Lake,23287003418,0,1,1,46.192768,-89.805144
2328700,Papoose Lake,23287003518,0,1,0,46.192848,-89.805083
2328700,Papoose Lake,23287003618,0,1,0,46.192857,-89.80506899999999
2328700,Papoose Lake,23287003718,0,1,1,46.192864,-89.805059
2328700,Papoose Lake,23287003818,0,0,1,46.192876999999996,-89.805049
2328700,Papoose Lake,23287003918,2,1,0,46.193020999999995,-89.804982
2328700,Papoose Lake,23287004018,0,0,1,46.193038,-89.80489299999999
2328700,Papoose Lake,23287004118,0,0,1,46.193076,-89.804847
2328700,Papoose Lake,23287004218,0,0,1,46.193141,-89.804728
2328700,Papoose Lake,23287004318,0,1,0,46.19319,-89.80462899999999
2328700,Papoose Lake,23287004418,1,1,1,46.193189,-89.80463999999999
2328700,Papoose Lake,23287004518,0,1,1,46.193228,-89.804509
2328700,Papoose Lake,23287004618,0,1,0,46.193236999999996,-89.804496
2328700,Papoose Lake,23287004718,0,0,1,46.193261,-89.804407
2328700,Papoose Lake,23287004818,2,1,0,46.193281,-89.80424699999999
2328700,Papoose Lake,23287004918,0,0,1,46.193301999999996,-89.804176
2328700,Papoose Lake,23287005018,0,1,1,46.193414,-89.803957
2328700,Papoose Lake,23287005118,0,1,0,46.193497,-89.803806
2328700,Papoose Lake,23287005218,0,1,0,46.193507,-89.803793
2328700,Papoose Lake,23287005318,0,0,0,46.193559,-89.80371799999999
2328700,Papoose Lake,23287005418,0,1,1,46.193627,-89.803647
2328700,Papoose Lake,23287005518,0,0,1,46.193697,-89.80358299999999
2328700,Papoose Lake,23287005618,0,1,1,46.193762,-89.803536
2328700,Papoose Lake,23287005718,0,1,0,46.193805,-89.803522
2328700,Papoose Lake,23287005818,2,1,0,46.193901,-89.80346999999999
2328700,Papoose Lake,23287005918,0,0,1,46.19394,-89.80345
2328700,Papoose Lake,23287006018,0,1,0,46.19405,-89.803392
2328700,Papoose Lake,23287006118,0,1,1,46.19415,-89.803338
2328700,Papoose Lake,23287006218,0,0,1,46.194204,-89.80328999999999
2328700,Papoose Lake,23287006318,0,1,1,46.194224999999996,-89.80328
2328700,Papoose Lake,23287006418,2,1,0,46.194241,-89.80323899999999
2328700,Papoose Lake,23287006518,2,1,0,46.194362,-89.803071
2328700,Papoose Lake,23287006618,0,1,1,46.194403,-89.803005
2328700,Papoose Lake,23287006718,0,0,0,46.194555,-89.80287
2328700,Papoose Lake,23287006818,1,1,1,46.194601,-89.802838
2328700,Papoose Lake,23287006918,0,0,1,46.194638,-89.80281
2328700,Papoose Lake,23287007018,0,0,1,46.194952,-89.80261399999999
2328700,Papoose Lake,23287007118,2,1,0,46.19549,-89.803033
2328700,Papoose Lake,23287007218,2,1,0,46.195499,-89.803206
2328700,Papoose Lake,23287007318,2,1,1,46.195501,-89.803229
2328700,Papoose Lake,23287007418,2,1,0,46.195504,-89.803252
2328700,Papoose Lake,23287007518,0,1,1,46.195512,-89.80349299999999
2328700,Papoose Lake,23287007618,1,1,0,46.195512,-89.80362699999999
2328700,Papoose Lake,23287007718,1,0,1,46.195527,-89.803742
2328700,Papoose Lake,23287007818,0,0,1,46.195529,-89.803787
2328700,Papoose Lake,23287007918,0,0,1,46.195536999999995,-89.80384
2328700,Papoose Lake,23287008018,2,1,0,46.195566,-89.80382399999999
2328700,Papoose Lake,23287008118,2,1,0,46.195609999999995,-89.803872
2328700,Papoose Lake,23287008218,2,1,0,46.195626999999995,-89.80388599999999
2328700,Papoose Lake,23287008318,0,0,1,46.195726,-89.80390799999999
2328700,Papoose Lake,23287008418,1,0,1,46.195823999999995,-89.80388099999999
2328700,Papoose Lake,23287008518,0,0,1,46.196846,-89.80391999999999
2328700,Papoose Lake,23287008618,2,1,0,46.197171,-89.803895
2328700,Papoose Lake,23287008718,2,1,0,46.197215,-89.803692
2328700,Papoose Lake,23287008818,2,1,0,46.197232,-89.803648
2328700,Papoose Lake,23287008918,1,1,1,46.197779999999995,-89.80340699999999
2328700,Papoose Lake,23287009018,2,1,0,46.197796,-89.803316
2328700,Papoose Lake,23287009118,2,1,0,46.197804,-89.803304
2328700,Papoose Lake,23287009218,2,1,0,46.197809,-89.803293
2328700,Papoose Lake,23287009318,1,1,0,46.197821999999995,-89.803178
2328700,Papoose Lake,23287009418,0,1,1,46.19777,-89.80158999999999
2328700,Papoose Lake,23287009518,1,0,1,46.19768,-89.801333
2328700,Papoose Lake,23287009618,0,1,1,46.197494,-89.80168599999999
2328700,Papoose Lake,23287009718,1,1,1,46.197278999999995,-89.80234
2328700,Papoose Lake,23287009818,2,1,0,46.197075999999996,-89.802652
2328700,Papoose Lake,23287009918,2,1,0,46.196974999999995,-89.80277099999999
2328700,Papoose Lake,232870010018,0,0,1,46.196301999999996,-89.802796
2328700,Papoose Lake,232870010118,0,0,1,46.19605,-89.80271599999999
2328700,Papoose Lake,232870010218,0,0,1,46.196027,-89.80270399999999
2328700,Papoose Lake,232870010318,0,0,1,46.196027,-89.801171
2328700,Papoose Lake,232870010418,1,1,0,46.196051,-89.801062
2328700,Papoose Lake,232870010518,0,1,0,46.196048999999995,-89.800758
2328700,Papoose Lake,232870010618,1,1,1,46.196033,-89.800643
2328700,Papoose Lake,232870010718,0,1,0,46.195921999999996,-89.80057
2328700,Papoose Lake,232870010818,1,0,0,46.195904,-89.80057599999999
2328700,Papoose Lake,232870010918,2,1,0,46.195888,-89.80060399999999
2328700,Papoose Lake,232870011018,0,1,1,46.195623,-89.801065
2328700,Papoose Lake,232870011118,0,1,0,46.19526,-89.801448
2328700,Papoose Lake,232870011218,0,1,0,46.195084,-89.80174699999999
2328700,Papoose Lake,232870011318,0,1,0,46.195056,-89.801734
2328700,Papoose Lake,232870011418,2,1,0,46.194863999999995,-89.801622
2328700,Papoose Lake,232870011518,2,1,0,46.194658,-89.8015
2328700,Papoose Lake,232870011618,0,1,0,46.194502,-89.801458
2328700,Papoose Lake,232870011718,0,1,0,46.194379,-89.801418
2328700,Papoose Lake,232870011818,0,1,1,46.194131999999996,-89.801287
2328700,Papoose Lake,232870011918,1,1,1,46.193653999999995,-89.800724
2328700,Papoose Lake,232870012018,0,1,1,46.193642999999994,-89.80069
2328700,Papoose Lake,232870012118,0,1,1,46.193616,-89.800637
2328700,Papoose Lake,232870012218,0,1,1,46.19357,-89.800568
2328700,Papoose Lake,232870012318,0,1,1,46.193135,-89.80006499999999
2328700,Papoose Lake,232870012418,0,1,1,46.192996,-89.799787
2328700,Papoose Lake,232870012518,2,1,0,46.192971,-89.799443
2328700,Papoose Lake,232870012618,2,1,0,46.193093999999995,-89.799083
2328700,Papoose Lake,232870012718,1,1,0,46.1931,-89.799067
2328700,Papoose Lake,232870012818,1,1,0,46.193109,-89.799048
2328700,Papoose Lake,232870012918,2,1,0,46.193146999999996,-89.79900099999999
2328700,Papoose Lake,232870013018,1,1,1,46.193262999999995,-89.798863
2328700,Papoose Lake,232870013118,1,1,0,46.193267,-89.798851
2328700,Papoose Lake,232870013218,0,1,0,46.193262,-89.79880299999999
2328700,Papoose Lake,232870013318,0,1,0,46.193265,-89.798795
2328700,Papoose Lake,232870013418,0,0,1,46.193065,-89.798326
2328700,Papoose Lake,232870013518,2,1,0,46.193048,-89.798204
2328700,Papoose Lake,232870013618,1,1,0,46.192898,-89.79765599999999
2328700,Papoose Lake,232870013718,0,1,0,46.192907999999996,-89.797603
2328700,Papoose Lake,232870013818,0,1,1,46.192915,-89.79755899999999
2328700,Papoose Lake,232870013918,1,1,0,46.192971,-89.797269
2328700,Papoose Lake,232870014018,0,1,1,46.192971,-89.797248
2328700,Papoose Lake,232870014118,0,1,1,46.192986999999995,-89.79699099999999
2328700,Papoose Lake,232870014218,0,1,0,46.19278,-89.79777399999999
2328700,Papoose Lake,232870014318,0,1,1,46.192695,-89.798031
2328700,Papoose Lake,232870014418,2,1,1,46.192628,-89.79813899999999
2328700,Papoose Lake,232870014518,0,0,1,46.192485,-89.798317
2328700,Papoose Lake,232870014618,0,0,0,46.192251999999996,-89.79852799999999
2328700,Papoose Lake,232870014718,1,1,0,46.191753,-89.798566
2328700,Papoose Lake,232870014818,0,0,1,46.192042,-89.79922499999999
2328700,Papoose Lake,232870014918,0,1,1,46.192344999999996,-89.79978899999999
2328700,Papoose Lake,232870015018,2,1,0,46.192378,-89.79987
2328700,Papoose Lake,232870015118,0,0,0,46.1925,-89.800285
2328700,Papoose Lake,232870015218,0,1,1,46.1925,-89.80032299999999
2328700,Papoose Lake,232870015318,0,0,1,46.192499,-89.800359
2328700,Papoose Lake,232870015418,0,0,1,46.192434999999996,-89.800715
2328700,Papoose Lake,232870015518,0,0,1,46.19235,-89.80109399999999
2328700,Papoose Lake,232870015618,0,0,1,46.192316,-89.80133599999999
2328700,Papoose Lake,232870015718,0,0,1,46.191576999999995,-89.80201
2328700,Papoose Lake,232870015818,2,1,0,46.191421999999996,-89.80207
2328700,Papoose Lake,232870015918,0,0,1,46.191134,-89.802117
2328700,Papoose Lake,232870016018,0,1,1,46.190359,-89.801779
2328700,Papoose Lake,232870016118,1,0,1,46.190334,-89.801751
2328700,Papoose Lake,232870016218,1,1,0,46.189856,-89.801216
2328700,Papoose Lake,232870016318,1,1,0,46.189828999999996,-89.801208
2328700,Papoose Lake,232870016418,1,1,0,46.189808,-89.80120199999999
2328700,Papoose Lake,232870016518,1,0,1,46.189291,-89.800984
2328700,Papoose Lake,232870016618,1,0,1,46.189197,-89.80093699999999
2328700,Papoose Lake,232870016718,0,0,1,46.189175,-89.800921
2328700,Papoose Lake,232870016818,0,0,1,46.189155,-89.800907
2328700,Papoose Lake,232870016918,0,0,1,46.189091999999995,-89.800872
2328700,Papoose Lake,232870017018,0,0,1,46.189007,-89.800805
2328700,Papoose Lake,232870017118,0,0,1,46.188694999999996,-89.800654
2328700,Papoose Lake,232870017218,0,1,0,46.188668,-89.80065499999999
2328700,Papoose Lake,232870017318,0,1,1,46.188644,-89.800653
2328700,Papoose Lake,232870017418,0,1,1,46.188627,-89.80064999999999
2328700,Papoose Lake,232870017518,0,1,1,46.188438999999995,-89.800563
2328700,Papoose Lake,232870017618,0,1,1,46.188083,-89.800005
2328700,Papoose Lake,232870017718,0,1,1,46.188068,-89.79985099999999
2328700,Papoose Lake,232870017818,0,1,0,46.188693,-89.79850599999999
2328700,Papoose Lake,232870017918,0,1,0,46.188815,-89.79849
2328700,Papoose Lake,232870018018,0,1,1,46.188852999999995,-89.79848799999999
2328700,Papoose Lake,232870018118,0,1,1,46.189153,-89.798478
2328700,Papoose Lake,232870018218,0,1,0,46.189499,-89.798559
2328700,Papoose Lake,232870018318,0,0,0,46.189527999999996,-89.798569
2328700,Papoose Lake,232870018418,0,1,0,46.189845,-89.798675
2328700,Papoose Lake,232870018518,0,1,0,46.190132999999996,-89.798673
2328700,Papoose Lake,232870018618,0,1,0,46.190253999999996,-89.798591
2328700,Papoose Lake,232870018718,0,1,1,46.189617,-89.79831399999999
2328700,Papoose Lake,232870018818,0,1,1,46.18926,-89.79834
2328700,Papoose Lake,232870018918,2,1,0,46.189132,-89.798363
2328700,Papoose Lake,232870019018,1,1,1,46.18842,-89.79726699999999
2328700,Papoose Lake,232870019118,0,0,0,46.188311,-89.796971
2328700,Papoose Lake,232870019218,0,1,1,46.18831,-89.796949
2328700,Papoose Lake,232870019318,0,1,0,46.188302,-89.796921
2328700,Papoose Lake,232870019418,0,1,0,46.188126,-89.796802
2328700,Papoose Lake,232870019518,0,1,1,46.187708,-89.796548
2328700,Papoose Lake,232870019618,2,1,0,46.187011999999996,-89.79605099999999
2328700,Papoose Lake,232870019718,0,1,1,46.186895,-89.795919
2328700,Papoose Lake,232870019818,0,1,1,46.186257999999995,-89.795324
2328700,Papoose Lake,232870019918,0,0,1,46.186099,-89.795289
2328700,Papoose Lake,232870020018,0,0,1,46.185514,-89.795204
2328700,Papoose Lake,232870020118,0,1,0,46.184835,-89.79509399999999
2328700,Papoose Lake,232870020218,0,0,0,46.183079,-89.79562299999999
2328700,Papoose Lake,232870020318,0,0,1,46.182700000000004,-89.795459
2328700,Papoose Lake,232870020418,0,0,1,46.18228,-89.795312
2328700,Papoose Lake,232870020518,0,0,1,46.182249999999996,-89.795311
2328700,Papoose Lake,232870020618,0,0,1,46.181627,-89.795288
2328700,Papoose Lake,232870020718,0,0,1,46.180485999999995,-89.795146
2328700,Papoose Lake,232870020818,0,1,0,46.180465999999996,-89.79510599999999
2328700,Papoose Lake,232870020918,0,1,1,46.179459,-89.794253
2328700,Papoose Lake,232870021018,2,0,1,46.178923,-89.79433399999999
2328700,Papoose Lake,232870021118,0,0,1,46.178913,-89.794337
2328700,Papoose Lake,232870021218,0,0,1,46.178773,-89.79465499999999
2328700,Papoose Lake,232870021318,0,0,1,46.178768999999996,-89.79469499999999
2328700,Papoose Lake,232870021418,0,0,1,46.178771,-89.794735
2328700,Papoose Lake,232870021518,0,0,1,46.177782,-89.798091
2328700,Papoose Lake,232870021618,0,0,1,46.177766,-89.798152
2328700,Papoose Lake,232870021718,0,0,1,46.177737,-89.798277
2328700,Papoose Lake,232870021818,0,1,0,46.177713999999995,-89.79875899999999
2328700,Papoose Lake,232870021918,0,1,1,46.17771,-89.798783
2328700,Papoose Lake,232870022018,0,1,0,46.177685,-89.799015
2328700,Papoose Lake,232870022118,0,1,0,46.177662999999995,-89.79929399999999
2328700,Papoose Lake,232870022218,0,1,1,46.177634999999995,-89.799919
2328700,Papoose Lake,232870022318,0,1,1,46.177634,-89.800073
2328700,Papoose Lake,232870022418,0,1,0,46.177617,-89.80064399999999
2328700,Papoose Lake,232870022518,0,1,1,46.177600000000005,-89.800731
2328700,Papoose Lake,232870022618,0,0,0,46.1775,-89.80125
2328700,Papoose Lake,232870022718,0,0,0,46.177482,-89.801285
2328700,Papoose Lake,232870022818,0,0,1,46.177465999999995,-89.80133099999999
2328700,Papoose Lake,232870022918,0,1,0,46.177428,-89.80141499999999
2328700,Papoose Lake,232870023018,0,0,0,46.17742,-89.80143
2328700,Papoose Lake,232870023118,0,1,1,46.177315,-89.80171399999999
2328700,Papoose Lake,232870023218,0,1,0,46.177301,-89.801739
2328700,Papoose Lake,232870023318,0,0,1,46.17698,-89.80209099999999
2328700,Papoose Lake,232870023418,0,0,0,46.176798999999995,-89.802221
2328700,Papoose Lake,232870023518,2,1,0,46.176721,-89.802421
2328700,Papoose Lake,232870023618,0,1,0,46.176708,-89.80255199999999
2328700,Papoose Lake,232870023718,0,0,1,46.17661,-89.803178
2328700,Papoose Lake,232870023818,0,0,1,46.176598,-89.803218
2328700,Papoose Lake,232870023918,0,1,1,46.177333999999995,-89.802697
2328700,Papoose Lake,232870024018,0,1,1,46.17791,-89.803113
2328700,Papoose Lake,232870024118,0,1,0,46.177979,-89.803382
2328700,Papoose Lake,232870024218,0,1,0,46.178155,-89.803523
2328700,Papoose Lake,232870024318,0,0,1,46.178224,-89.803568
2328700,Papoose Lake,232870024418,0,1,1,46.178326,-89.803643
2328700,Papoose Lake,232870024518,2,1,0,46.178630999999996,-89.804137
2328700,Papoose Lake,232870024618,1,1,0,46.178655,-89.80459499999999
2328700,Papoose Lake,232870024718,0,1,0,46.178641,-89.80466299999999
2328700,Papoose Lake,232870024818,0,1,0,46.178632,-89.804715
2328700,Papoose Lake,232870024918,0,1,0,46.178304999999995,-89.805455
2328700,Papoose Lake,232870025018,1,1,0,46.178278,-89.805483
2328700,Papoose Lake,232870025118,0,1,0,46.177217,-89.805184
2328700,Papoose Lake,232870025218,0,1,0,46.177308,-89.804013
2328700,Papoose Lake,232870025318,0,1,1,46.185413999999994,-89.80081
2328700,Papoose Lake,232870025418,0,0,0,46.18552,-89.80007599999999
2328700,Papoose Lake,232870025518,1,0,0,46.185883999999994,-89.7993
2328700,Papoose Lake,232870025618,0,0,1,46.186324,-89.79977199999999
2328700,Papoose Lake,232870025718,0,1,0,46.186343,-89.79984499999999
2328700,Papoose Lake,232870025818,0,1,0,46.186443999999995,-89.80022799999999
2328700,Papoose Lake,232870025918,0,0,1,46.186448999999996,-89.80027799999999
2328700,Papoose Lake,232870026018,0,0,1,46.186487,-89.80059399999999
2328700,Papoose Lake,232870026118,0,0,1,46.186492,-89.800641
2328700,Papoose Lake,232870026218,0,1,1,46.186485,-89.801177
2328700,Papoose Lake,232870026318,0,1,1,46.18647,-89.801448
2328700,Papoose Lake,232870026418,0,0,1,46.186457999999995,-89.801602
2328700,Papoose Lake,232870026518,0,0,1,46.186445,-89.801814
2328700,Papoose Lake,232870026618,0,0,1,46.186425,-89.801906
2328700,Papoose Lake,232870026718,0,1,0,46.186523,-89.80224199999999
2328700,Papoose Lake,232870026818,2,0,0,46.185862,-89.803253
2328700,Papoose Lake,232870026918,0,1,1,46.185734,-89.802977
2328700,Papoose Lake,232870027018,2,1,0,46.185370999999996,-89.802708
2328700,Papoose Lake,232870027118,1,1,1,46.176583,-89.80391999999999
2328700,Papoose Lake,232870027218,0,1,0,46.176576999999995,-89.80402199999999
2328700,Papoose Lake,232870027318,0,1,1,46.176578,-89.804288
2328700,Papoose Lake,232870027418,0,1,0,46.176581,-89.80438699999999
2328700,Papoose Lake,232870027518,0,0,1,46.176493,-89.804705
2328700,Papoose Lake,232870027618,0,0,1,46.17648,-89.80475899999999
2328700,Papoose Lake,232870027718,0,1,0,46.176431,-89.80606399999999
2328700,Papoose Lake,232870027818,0,1,1,46.176522999999996,-89.806243
2328700,Papoose Lake,232870027918,2,0,1,46.176395,-89.806721
2328700,Papoose Lake,232870028018,2,0,1,46.176299,-89.806969
2328700,Papoose Lake,232870028118,0,0,1,46.176249,-89.807538
2328700,Papoose Lake,232870028218,2,1,0,46.176314,-89.807856
2328700,Papoose Lake,232870028318,0,0,0,46.176341,-89.80807
2328700,Papoose Lake,232870028418,2,1,0,46.176468,-89.808829
2328700,Papoose Lake,232870028518,0,1,0,46.176524,-89.809584
2328700,Papoose Lake,232870028618,2,1,0,46.17704,-89.808567
2328700,Papoose Lake,232870028718,1,0,1,46.177121,-89.808129
2328700,Papoose Lake,232870028818,0,0,1,46.178062,-89.80722999999999
2328700,Papoose Lake,232870028918,0,0,1,46.178339,-89.807627
2328700,Papoose Lake,232870029018,2,1,0,46.178363,-89.80765699999999
2328700,Papoose Lake,232870029118,0,1,0,46.178388999999996,-89.807678
2328700,Papoose Lake,232870029218,0,0,1,46.178757,-89.807794
2328700,Papoose Lake,232870029318,0,1,1,46.178857,-89.807924
2328700,Papoose Lake,232870029418,0,1,0,46.178922,-89.80796099999999
2328700,Papoose Lake,232870029518,0,1,1,46.178945999999996,-89.80797299999999
2328700,Papoose Lake,232870029618,0,1,1,46.178987,-89.807992
2328700,Papoose Lake,232870029718,0,1,1,46.179083,-89.808014
2328700,Papoose Lake,232870029818,0,1,0,46.179159999999996,-89.808048
2328700,Papoose Lake,232870029918,0,1,0,46.179182999999995,-89.80806199999999
2328700,Papoose Lake,232870030018,0,1,1,46.179463,-89.808504
2328700,Papoose Lake,232870030118,0,0,1,46.17905,-89.80907599999999
2328700,Papoose Lake,232870030218,0,1,1,46.179109,-89.809529
2328700,Papoose Lake,232870030318,0,1,1,46.179127,-89.809559
2328700,Papoose Lake,232870030418,0,1,0,46.17941,-89.809889
2328700,Papoose Lake,232870030518,0,0,1,46.180139,-89.809877
2328700,Papoose Lake,232870030618,1,0,1,46.181311,-89.809455
2328700,Papoose Lake,232870030718,1,0,1,46.181346,-89.80945299999999
2328700,Papoose Lake,232870030818,2,1,1,46.181419,-89.80944
2328700,Papoose Lake,232870030918,2,1,1,46.181438,-89.80942999999999
2328700,Papoose Lake,232870031018,2,0,1,46.18167,-89.809288
2328700,Papoose Lake,232870031118,2,1,0,46.181675,-89.80927299999999
2328700,Papoose Lake,232870031218,0,0,1,46.182145999999996,-89.80856299999999
2328700,Papoose Lake,232870031318,1,1,1,46.182306999999994,-89.808364
2328700,Papoose Lake,232870031418,2,1,0,46.182679,-89.80838299999999
2328700,Papoose Lake,232870031518,2,1,1,46.182932,-89.808596
2328700,Papoose Lake,232870031618,2,0,1,46.183397,-89.80975
2328700,Papoose Lake,232870031718,1,0,1,46.18325,-89.810181
2328700,Papoose Lake,232870031818,2,0,1,46.182676,-89.810923
2328700,Papoose Lake,232870031918,0,1,1,46.182651,-89.810951
2328700,Papoose Lake,232870032018,0,1,0,46.182480999999996,-89.81119
2328700,Papoose Lake,232870032118,0,1,0,46.182173999999996,-89.811779
2328700,Papoose Lake,232870032218,0,1,1,46.181824999999996,-89.812429
2328700,Papoose Lake,232870032318,0,0,1,46.181804,-89.81245
2328700,Papoose Lake,232870032418,0,1,0,46.181664,-89.812625
2328700,Papoose Lake,232870032518,0,1,0,46.181332,-89.812789
2328700,Papoose Lake,232870032618,1,0,1,46.181439,-89.81332499999999
2328700,Papoose Lake,232870032718,2,1,0,46.181546999999995,-89.813346
2328700,Papoose Lake,232870032818,0,1,1,46.182047,-89.812885
2328700,Papoose Lake,232870032918,0,1,0,46.182125,-89.81276799999999
2328700,Papoose Lake,232870033018,0,1,1,46.182519,-89.812398
2328700,Papoose Lake,232870033118,0,0,1,46.182835999999995,-89.812283
2328700,Papoose Lake,232870033218,2,1,0,46.183082999999996,-89.81223899999999
2328700,Papoose Lake,232870033318,0,1,0,46.18329,-89.812163
2328700,Papoose Lake,232870033418,1,0,1,46.184425999999995,-89.812314
2328700,Papoose Lake,232870033518,0,1,1,46.184511,-89.81297599999999
2328700,Papoose Lake,232870033618,0,1,1,46.184849,-89.812956
2328700,Papoose Lake,232870033718,0,1,1,46.184861,-89.81279599999999
2328700,Papoose Lake,232870033818,0,1,1,46.185018,-89.810842
2328700,Papoose Lake,232870033918,0,1,1,46.185083999999996,-89.810349
2328700,Papoose Lake,232870034018,0,1,1,46.185016999999995,-89.810242
2328700,Papoose Lake,232870034118,0,1,1,46.185114,-89.808258
2328700,Papoose Lake,232870034218,0,0,1,46.184971999999995,-89.80748299999999
2328700,Papoose Lake,232870034318,0,0,1,46.184846,-89.807092
2328700,Papoose Lake,232870034418,0,1,1,46.184636999999995,-89.806889
2328700,Papoose Lake,232870034518,1,0,1,46.184613,-89.80688599999999
2328700,Papoose Lake,232870034618,2,0,1,46.184591999999995,-89.806882
2328700,Papoose Lake,232870034718,2,0,0,46.184509999999996,-89.806859
2328700,Papoose Lake,232870034818,0,1,0,46.184214,-89.806467
2328700,Papoose Lake,232870034918,0,1,0,46.184239999999996,-89.80591299999999
2328700,Papoose Lake,232870035018,0,1,1,46.184281999999996,-89.805771
2328700,Papoose Lake,232870035118,2,1,0,46.184396,-89.805534
2328700,Papoose Lake,232870035218,2,0,1,46.184557,-89.805319
2328700,Papoose Lake,232870035318,0,1,0,46.184877,-89.805206
2328700,Papoose Lake,232870035418,0,1,1,46.184931999999996,-89.805161
2328700,Papoose Lake,232870035518,0,1,0,46.185117,-89.804946
2328700,Papoose Lake,232870035618,0,1,1,46.185136,-89.804913
2328700,Papoose Lake,232870035718,1,1,0,46.185451,-89.804349
2328700,Papoose Lake,232870035818,0,1,1,46.185469999999995,-89.804311
2328700,Papoose Lake,232870035918,0,0,1,46.185489999999994,-89.80427399999999
2328700,Papoose Lake,232870036018,0,0,1,46.18587,-89.803753
2328700,Papoose Lake,232870036118,1,1,1,46.186226999999995,-89.80337
2328700,Papoose Lake,232870036218,1,1,0,46.186426,-89.803153
2328700,Papoose Lake,232870036318,1,1,1,46.187736,-89.803051
2328700,Papoose Lake,232870036418,2,1,0,46.188117,-89.803822
2328700,Papoose Lake,232870036518,0,1,1,46.188204,-89.80406599999999
2328700,Papoose Lake,232870036618,0,1,0,46.188266,-89.804282
2328700,Papoose Lake,232870036718,0,1,0,46.188265,-89.80479799999999
2328700,Papoose Lake,232870036818,0,1,1,46.188227999999995,-89.805028
2328700,Papoose Lake,232870036918,1,1,1,46.188074,-89.805628
2328700,Papoose Lake,232870037018,2,1,0,46.188047,-89.80577199999999
2328700,Papoose Lake,232870037118,0,1,1,46.188041,-89.805809
2328700,Papoose Lake,232870037218,0,0,1,46.188013999999995,-89.805989
2328700,Papoose Lake,232870037318,0,1,1,46.187933,-89.806276
2328700,Papoose Lake,232870037418,0,1,1,46.187917999999996,-89.806314
2328700,Papoose Lake,232870037518,0,1,1,46.187774999999995,-89.806558
2328700,Papoose Lake,232870037618,2,1,0,46.186613,-89.807664
2328700,Papoose Lake,232870037718,0,0,1,46.186653,-89.807819
2328700,Papoose Lake,232870037818,0,0,1,46.186659,-89.807823
2328700,Papoose Lake,232870037918,0,1,1,46.186659999999996,-89.807823
2328700,Papoose Lake,232870038018,2,1,0,46.186792999999994,-89.807842
2328700,Papoose Lake,232870038118,1,1,1,46.187134,-89.807925
2328700,Papoose Lake,232870038218,0,1,0,46.187165,-89.807924
2328700,Papoose Lake,232870038318,0,0,1,46.187563999999995,-89.80827599999999
2328700,Papoose Lake,232870038418,0,1,0,46.187583,-89.808313
2328700,Papoose Lake,232870038518,2,1,0,46.187597,-89.808341
2328700,Papoose Lake,232870038618,0,1,0,46.187643,-89.80845699999999
2328700,Papoose Lake,232870038718,1,1,0,46.187675,-89.80854099999999
2328700,Papoose Lake,232870038818,0,0,1,46.187698999999995,-89.808565
2328700,Papoose Lake,232870038918,0,0,1,46.187704,-89.808567
2328700,Papoose Lake,232870039018,0,1,1,46.187968999999995,-89.808607
2328700,Papoose Lake,232870039118,1,0,1,46.188054,-89.808577
2328700,Papoose Lake,232870039218,0,0,1,46.188068,-89.80857499999999
2328700,Papoose Lake,232870039318,0,0,1,46.188111,-89.808572
2328700,Papoose Lake,232870039418,0,0,1,46.188175,-89.80856399999999
2328700,Papoose Lake,232870039518,0,0,1,46.188491,-89.80845099999999
2328700,Papoose Lake,232870039618,0,0,1,46.188548,-89.808377
2328700,Papoose Lake,232870039718,0,0,1,46.188618999999996,-89.808257
2328700,Papoose Lake,232870039818,0,0,1,46.188632999999996,-89.808236
2328700,Papoose Lake,232870039918,2,1,0,46.188638999999995,-89.808228
2328700,Papoose Lake,232870040018,2,1,0,46.188725999999996,-89.807953
2328700,Papoose Lake,232870040118,0,0,1,46.188733,-89.80791699999999
2328700,Papoose Lake,232870040218,0,0,1,46.188891999999996,-89.80745999999999
2328700,Papoose Lake,232870040318,0,1,0,46.188947,-89.807368
2328700,Papoose Lake,232870040418,2,1,0,46.189046,-89.80722
2328700,Papoose Lake,232870040518,2,1,0,46.189062,-89.807188
2328700,Papoose Lake,232870040618,0,1,1,46.18103,-89.807654
2328700,Papoose Lake,232870040718,1,1,1,46.181186,-89.807637
2328700,Papoose Lake,232870040818,2,1,0,46.18127,-89.807547
2328700,Papoose Lake,232870040918,0,1,0,46.181275,-89.807537
2328700,Papoose Lake,232870041018,2,1,1,46.18161,-89.807553
2328700,Papoose Lake,232870041118,1,1,1,46.181746,-89.807569
2328700,Papoose Lake,232870041218,1,1,0,46.181905,-89.807529
2328700,Papoose Lake,232870041318,2,1,0,46.182192,-89.807374
2328700,Papoose Lake,232870041418,0,1,0,46.182238999999996,-89.80734
2328700,Papoose Lake,232870041518,2,1,0,46.182369,-89.80721299999999
2328700,Papoose Lake,232870041618,0,1,0,46.182598999999996,-89.806677
2328700,Papoose Lake,232870041718,0,0,1,46.182790999999995,-89.806496
2328700,Papoose Lake,232870041818,1,1,0,46.182866999999995,-89.806439
2328700,Papoose Lake,232870041918,1,1,1,46.182921,-89.806409
2328700,Papoose Lake,232870042018,0,1,0,46.183122,-89.80633399999999
2328700,Papoose Lake,232870042118,0,1,1,46.183585,-89.80677899999999
2328700,Papoose Lake,232870042218,1,1,1,46.183574,-89.80682999999999
2328700,Papoose Lake,232870042318,1,0,1,46.183406999999995,-89.807161
2328700,Papoose Lake,232870042418,2,1,0,46.183384,-89.80719099999999
2328700,Papoose Lake,232870042518,1,1,0,46.18324,-89.807374
2328700,Papoose Lake,232870042618,2,1,0,46.183139,-89.807508
2328700,Papoose Lake,232870042718,2,1,0,46.182939,-89.807743
2328700,Papoose Lake,232870042818,0,1,1,46.182717,-89.807926
2328700,Papoose Lake,232870042918,0,1,0,46.182615999999996,-89.80801799999999
2328700,Papoose Lake,232870043018,2,1,1,46.182558,-89.808105
2328700,Papoose Lake,232870043118,2,1,0,46.182545999999995,-89.808127
2328700,Papoose Lake,232870043218,0,1,0,46.182479,-89.808233
2328700,Papoose Lake,232870043318,2,1,0,46.182455999999995,-89.80826499999999
2328700,Papoose Lake,232870043418,1,1,0,46.182233,-89.808448
2328700,Papoose Lake,232870043518,1,1,0,46.182207,-89.80847
2328700,Papoose Lake,232870043618,2,1,0,46.182185,-89.808497
2328700,Papoose Lake,232870043718,2,1,0,46.182165,-89.80852
2328700,Papoose Lake,232870043818,0,1,1,46.181940999999995,-89.808728
2328700,Papoose Lake,232870043918,1,1,0,46.181917,-89.80874299999999
2328700,Papoose Lake,232870044018,2,1,0,46.181137,-89.80898599999999
2328700,Papoose Lake,232870044118,0,1,1,46.181042,-89.80903099999999
2328700,Papoose Lake,232870044218,1,1,1,46.18069,-89.808274
1545600,Big Arbor Vitae,1545600233218,1,0,1,45.91850806,-89.63696997
1545600,Big Arbor Vitae,1545600233318,0,1,1,45.91865751,-89.63694532
1545600,Big Arbor Vitae,1545600233418,0,0,1,45.91866187,-89.63694474
1545600,Big Arbor Vitae,1545600233518,0,0,1,45.91901148,-89.63683804
1545600,Big Arbor Vitae,1545600233618,0,1,1,45.91904098,-89.63683359
1545600,Big Arbor Vitae,1545600233718,0,0,1,45.91907602,-89.63683242
1545600,Big Arbor Vitae,1545600233818,0,0,1,45.91912849,-89.63685011
1545600,Big Arbor Vitae,1545600233918,0,0,1,45.91914081,-89.63685212
1545600,Big Arbor Vitae,1545600234018,0,0,1,45.91918624,-89.63685882
1545600,Big Arbor Vitae,1545600234218,0,0,1,45.91924449,-89.63683468
1545600,Big Arbor Vitae,1545600234318,0,0,1,45.91925262,-89.63682018
1545600,Big Arbor Vitae,1545600234418,0,0,1,45.91928196,-89.6367885
1545600,Big Arbor Vitae,1545600234518,0,0,1,45.91929127,-89.63678431
1545600,Big Arbor Vitae,1545600234618,0,0,1,45.91950458,-89.63673511
1545600,Big Arbor Vitae,1545600234718,0,0,1,45.91951741,-89.63673645
1545600,Big Arbor Vitae,1545600234818,0,0,1,45.91953275,-89.63673653
1545600,Big Arbor Vitae,1545600234918,1,0,1,45.91964825,-89.63695052
1545600,Big Arbor Vitae,1545600235018,0,0,1,45.91964599,-89.63703635
1545600,Big Arbor Vitae,1545600235118,1,1,1,45.91964087,-89.63716325
1545600,Big Arbor Vitae,1545600235218,0,1,1,45.9196428,-89.6372122
1545600,Big Arbor Vitae,1545600235318,0,0,1,45.91965009,-89.63725998
1545600,Big Arbor Vitae,1545600235418,1,1,1,45.91969569,-89.63750314
1545600,Big Arbor Vitae,1545600235518,0,0,1,45.91969184,-89.63751915
1545600,Big Arbor Vitae,1545600235618,0,0,1,45.91968865,-89.63753717
1545600,Big Arbor Vitae,1545600235718,0,1,1,45.91968513,-89.63755486
1545600,Big Arbor Vitae,1545600235818,0,0,1,45.91967675,-89.63765603
1545600,Big Arbor Vitae,1545600235918,1,0,1,45.91979183,-89.6378566
1545600,Big Arbor Vitae,1545600236018,1,1,1,45.91979711,-89.63789717
1545600,Big Arbor Vitae,1545600236118,0,1,1,45.91983039,-89.63805492
1545600,Big Arbor Vitae,1545600236218,1,1,1,45.91987104,-89.63808157
1545600,Big Arbor Vitae,1545600236318,1,1,1,45.91997003,-89.63812441
1545600,Big Arbor Vitae,1545600236418,0,0,1,45.92025124,-89.63819892
1545600,Big Arbor Vitae,1545600236518,1,0,1,45.92033523,-89.63819632
1545600,Big Arbor Vitae,1545600236618,0,0,1,45.92040413,-89.63815777
1545600,Big Arbor Vitae,1545600236718,0,0,1,45.92047513,-89.63808107
1545600,Big Arbor Vitae,1545600236818,0,1,1,45.92069456,-89.63777991
1545600,Big Arbor Vitae,1545600236918,0,1,1,45.92070932,-89.63776172
1545600,Big Arbor Vitae,1545600237018,0,1,1,45.92085147,-89.63749442
1545600,Big Arbor Vitae,1545600237118,0,1,1,45.92086455,-89.63735612
1545600,Big Arbor Vitae,1545600237218,0,0,1,45.92087595,-89.63732871
1545600,Big Arbor Vitae,1545600237318,1,0,1,45.92090445,-89.63722092
1545600,Big Arbor Vitae,1545600237418,0,0,1,45.92092674,-89.63716124
1545600,Big Arbor Vitae,1545600237518,0,1,1,45.92095004,-89.63708128
1545600,Big Arbor Vitae,1545600237618,1,1,1,45.92096999,-89.63702864
1545600,Big Arbor Vitae,1545600237718,1,0,1,45.92099966,-89.63698061
1545600,Big Arbor Vitae,1545600237818,0,0,1,45.92107653,-89.63681968
1545600,Big Arbor Vitae,1545600237918,0,0,1,45.92112221,-89.63676377
1545600,Big Arbor Vitae,1545600238018,0,0,1,45.92119337,-89.63680577
1545600,Big Arbor Vitae,1545600238118,0,0,1,45.92119471,-89.63681398
1545600,Big Arbor Vitae,1545600238218,0,0,1,45.9213113,-89.63704574
1545600,Big Arbor Vitae,1545600238318,1,0,1,45.92156779,-89.63716183
1545600,Big Arbor Vitae,1545600238418,0,1,1,45.92176812,-89.63711095
1545600,Big Arbor Vitae,1545600238518,0,1,1,45.92186308,-89.63710693
1545600,Big Arbor Vitae,1545600238618,0,0,1,45.92273355,-89.6370366
1545600,Big Arbor Vitae,1545600238718,0,0,1,45.92274587,-89.63702185
1545600,Big Arbor Vitae,1545600238818,0,0,1,45.92281803,-89.63697265
1545600,Big Arbor Vitae,1545600238918,0,0,1,45.92293798,-89.63695765
1545600,Big Arbor Vitae,1545600239018,0,1,1,45.92294946,-89.63695899
1545600,Big Arbor Vitae,1545600239118,0,0,1,45.922971509999996,-89.63695932
1545600,Big Arbor Vitae,1545600239218,0,0,1,45.92307863,-89.6370843
1545600,Big Arbor Vitae,1545600239318,0,0,1,45.92327552,-89.63815031
1545600,Big Arbor Vitae,1545600239418,0,0,1,45.92326337,-89.63827386
1545600,Big Arbor Vitae,1545600239518,1,0,1,45.92325004,-89.63830487
1545600,Big Arbor Vitae,1545600239618,1,0,1,45.92321609,-89.63840076
1545600,Big Arbor Vitae,1545600239718,0,0,1,45.9230534,-89.63867015
1545600,Big Arbor Vitae,1545600239818,0,0,1,45.92300403,-89.63879094
1545600,Big Arbor Vitae,1545600239918,0,0,1,45.92240497,-89.63914859
1545600,Big Arbor Vitae,1545600240018,0,0,1,45.92239517,-89.6391537
1545600,Big Arbor Vitae,1545600240118,0,1,1,45.92237773,-89.63916376
1545600,Big Arbor Vitae,1545600240218,0,1,1,45.92232417,-89.63918463
1545600,Big Arbor Vitae,1545600240318,1,1,1,45.92206073,-89.63944959
1545600,Big Arbor Vitae,1545600240418,1,1,1,45.92204673,-89.64007278
1545600,Big Arbor Vitae,1545600240518,0,0,1,45.92252073,-89.6404591
1545600,Big Arbor Vitae,1545600240618,0,0,1,45.92263062,-89.64042926
1545600,Big Arbor Vitae,1545600240718,0,1,1,45.923027999999995,-89.64025198
1545600,Big Arbor Vitae,1545600240818,0,0,1,45.92327233,-89.64004219
1545600,Big Arbor Vitae,1545600240918,0,0,1,45.92366561,-89.63878348
1545600,Big Arbor Vitae,1545600241018,2,1,1,45.92398907,-89.63774957
1545600,Big Arbor Vitae,1545600241118,1,1,1,45.92434564,-89.63693225
1545600,Big Arbor Vitae,1545600241218,1,1,1,45.92440917,-89.63676905
1545600,Big Arbor Vitae,1545600241318,0,1,1,45.92443457,-89.63672563
1545600,Big Arbor Vitae,1545600241418,0,1,1,45.92463867,-89.63622976
1545600,Big Arbor Vitae,1545600241518,1,1,1,45.92480505,-89.63591259
1545600,Big Arbor Vitae,1545600241618,2,0,1,45.9248478,-89.63582056
1545600,Big Arbor Vitae,1545600241718,0,1,1,45.9248794,-89.63576574
1545600,Big Arbor Vitae,1545600241818,0,0,1,45.92573309,-89.63487181
1545600,Big Arbor Vitae,1545600241918,2,1,1,45.9257828,-89.6346548
1545600,Big Arbor Vitae,1545600242018,0,1,1,45.92580333,-89.63436361
1545600,Big Arbor Vitae,1545600242118,0,1,1,45.92584826,-89.63418609
1545600,Big Arbor Vitae,1545600242218,0,1,1,45.92586393,-89.63413227
1545600,Big Arbor Vitae,1545600242318,0,0,1,45.9260703,-89.63364545
1545600,Big Arbor Vitae,1545600242418,1,1,1,45.92619158,-89.63346147
1545600,Big Arbor Vitae,1545600242518,1,1,1,45.92644547,-89.63315302
1545600,Big Arbor Vitae,1545600242618,1,1,1,45.92656726,-89.63297532
1545600,Big Arbor Vitae,1545600242718,0,0,1,45.92657967,-89.63295805
1545600,Big Arbor Vitae,1545600242818,0,0,1,45.92659316,-89.63294221
1545600,Big Arbor Vitae,1545600242918,0,0,1,45.92669785,-89.63285211
1545600,Big Arbor Vitae,1545600243018,0,0,1,45.92670942,-89.63283199
1545600,Big Arbor Vitae,1545600243118,1,0,1,45.92684881,-89.63265538
1545600,Big Arbor Vitae,1545600243218,0,0,1,45.92708124,-89.63231935
1545600,Big Arbor Vitae,1545600243318,1,1,1,45.92722625,-89.63210997
1545600,Big Arbor Vitae,1545600243418,2,1,1,45.92738466,-89.63187913
1545600,Big Arbor Vitae,1545600243518,0,0,1,45.92748474,-89.6317674
1545600,Big Arbor Vitae,1545600243618,1,0,1,45.92758776,-89.63163656
1545600,Big Arbor Vitae,1545600243718,1,0,1,45.92760603,-89.63162248
1545600,Big Arbor Vitae,1545600243818,0,1,1,45.92764551,-89.63160471
1545600,Big Arbor Vitae,1545600243918,0,1,1,45.92794726,-89.63134638
1545600,Big Arbor Vitae,1545600244018,1,1,1,45.92799151,-89.63130179
1545600,Big Arbor Vitae,1545600244118,1,1,1,45.92801758,-89.63127321
1545600,Big Arbor Vitae,1545600244218,1,1,1,45.92849501,-89.630896860000007
1545600,Big Arbor Vitae,1545600244318,0,0,1,45.92878059,-89.63032697
1545600,Big Arbor Vitae,1545600244418,1,0,1,45.92911913,-89.62993529
1545600,Big Arbor Vitae,1545600244518,1,0,1,45.92913631,-89.62992003
1545600,Big Arbor Vitae,1545600244618,1,0,1,45.92926137,-89.62977544
1545600,Big Arbor Vitae,1545600244718,1,1,1,45.9296404,-89.62960009
1545600,Big Arbor Vitae,1545600244818,1,1,1,45.93019428,-89.62966103
1545600,Big Arbor Vitae,1545600244918,1,0,1,45.93037231,-89.62972641
1545600,Big Arbor Vitae,1545600245018,2,1,1,45.93049594,-89.6297933
1545600,Big Arbor Vitae,1545600245118,1,1,1,45.93092971,-89.63006412
1545600,Big Arbor Vitae,1545600245218,0,0,1,45.93179438,-89.63050794
1545600,Big Arbor Vitae,1545600245318,0,1,1,45.93188834,-89.6305439
1545600,Big Arbor Vitae,1545600245418,0,0,1,45.93237449,-89.63094564
1545600,Big Arbor Vitae,1545600245518,0,0,1,45.93267121,-89.63137446
1545600,Big Arbor Vitae,1545600245618,0,0,1,45.93268655,-89.63138628
1545600,Big Arbor Vitae,1545600245718,0,1,1,45.93286701,-89.6316835
1545600,Big Arbor Vitae,1545600245818,1,1,1,45.93302635,-89.63191308
1545600,Big Arbor Vitae,1545600245918,0,0,1,45.93321084,-89.63227266
1545600,Big Arbor Vitae,1545600246018,0,0,1,45.93332433,-89.63247257
1545600,Big Arbor Vitae,1545600246118,0,0,1,45.93337655,-89.63254591
1545600,Big Arbor Vitae,1545600246218,1,1,1,45.93338619,-89.63256301
1545600,Big Arbor Vitae,1545600246318,0,0,1,45.93350194,-89.63282109
1545600,Big Arbor Vitae,1545600246418,0,1,1,45.93368568,-89.63330255
1545600,Big Arbor Vitae,1545600246518,2,1,1,45.93374292,-89.63339039
1545600,Big Arbor Vitae,1545600246618,0,0,1,45.93395281,-89.63382156
1545600,Big Arbor Vitae,1545600246718,0,0,1,45.93412438,-89.63456855
1545600,Big Arbor Vitae,1545600246818,2,1,1,45.93412841,-89.63459655
1545600,Big Arbor Vitae,1545600246918,0,0,1,45.93420921,-89.63477927
1545600,Big Arbor Vitae,1545600247118,0,0,1,45.93422036,-89.63478807
1545600,Big Arbor Vitae,1545600247218,0,1,1,45.93422958,-89.63479335
1545600,Big Arbor Vitae,1545600247318,1,1,1,45.93407342,-89.63508479
1545600,Big Arbor Vitae,1545600247418,1,0,1,45.93399195,-89.63524899
1545600,Big Arbor Vitae,1545600247518,0,0,1,45.93392464,-89.63533407
1545600,Big Arbor Vitae,1545600247618,0,0,1,45.93391668,-89.63534539
1545600,Big Arbor Vitae,1545600247718,2,1,1,45.93383722,-89.63544521
1545600,Big Arbor Vitae,1545600247818,0,1,1,45.93369339,-89.63568452
1545600,Big Arbor Vitae,1545600247918,1,1,1,45.93358057,-89.6362104
1545600,Big Arbor Vitae,1545600248018,0,0,1,45.93335987,-89.63662153
1545600,Big Arbor Vitae,1545600248118,1,1,1,45.93330698,-89.63669864
1545600,Big Arbor Vitae,1545600248218,1,1,1,45.93328628,-89.63672924
1545600,Big Arbor Vitae,1545600248318,0,0,1,45.93316231,-89.63690434
1545600,Big Arbor Vitae,1545600248418,0,1,1,45.93293072,-89.63730541
1545600,Big Arbor Vitae,1545600248518,0,1,1,45.93288177,-89.63737749
1545600,Big Arbor Vitae,1545600248618,0,0,1,45.932865,-89.63739744
1545600,Big Arbor Vitae,1545600248718,1,0,1,45.93285218,-89.63741521
1545600,Big Arbor Vitae,1545600248818,1,1,1,45.93279208,-89.63749845
1545600,Big Arbor Vitae,1545600248918,1,1,1,45.93270265,-89.63756475
1545600,Big Arbor Vitae,1545600249018,1,0,1,45.93265546,-89.63759501
1545600,Big Arbor Vitae,1545600249118,0,0,1,45.93232521,-89.63777069
1545600,Big Arbor Vitae,1545600249218,0,0,1,45.93219764,-89.6377753
1545600,Big Arbor Vitae,1545600249318,0,1,1,45.93209219,-89.63779307
1545600,Big Arbor Vitae,1545600249418,0,1,1,45.93208574,-89.63780162
1545600,Big Arbor Vitae,1545600249518,0,1,1,45.93206252,-89.63787236
1545600,Big Arbor Vitae,1545600249618,1,1,1,45.93203587,-89.63792123
1545600,Big Arbor Vitae,1545600249718,0,0,1,45.93202136,-89.63792928
1545600,Big Arbor Vitae,1545600249818,0,0,1,45.93197996,-89.63795828
1545600,Big Arbor Vitae,1545600249918,0,0,1,45.93197267,-89.63796322
1545600,Big Arbor Vitae,1545600250018,0,0,1,45.93174292,-89.63816749
1545600,Big Arbor Vitae,1545600250118,0,1,1,45.93162348,-89.63831476
1545600,Big Arbor Vitae,1545600250218,0,1,1,45.93158727,-89.63835985
1545600,Big Arbor Vitae,1545600250318,2,0,1,45.93150571,-89.63841308
1545600,Big Arbor Vitae,1545600250418,1,0,1,45.93146816,-89.63847703
1545600,Big Arbor Vitae,1545600250518,0,1,1,45.93139188,-89.63857267
1545600,Big Arbor Vitae,1545600250618,0,0,1,45.93133095,-89.63861877
1545600,Big Arbor Vitae,1545600250718,1,0,1,45.93122492,-89.63870636
1545600,Big Arbor Vitae,1545600250818,2,0,1,45.93121394,-89.63871659
1545600,Big Arbor Vitae,1545600250918,0,1,1,45.9312048,-89.63872329
1545600,Big Arbor Vitae,1545600251018,1,1,1,45.93092174,-89.63887216
1545600,Big Arbor Vitae,1545600251118,0,1,1,45.93084555,-89.63896712
1545600,Big Arbor Vitae,1545600251218,0,1,1,45.93087187,-89.63889956
1545600,Big Arbor Vitae,1545600251318,0,0,1,45.9306811,-89.63914624
1545600,Big Arbor Vitae,1545600251418,0,0,1,45.93063483,-89.63917181
1545600,Big Arbor Vitae,1545600251518,2,1,1,45.93057398,-89.63921581
1545600,Big Arbor Vitae,1545600251618,0,0,1,45.93054783,-89.63923937
1545600,Big Arbor Vitae,1545600251718,0,0,1,45.93053701,-89.63924909
1545600,Big Arbor Vitae,1545600251918,1,1,1,45.93052184,-89.63926108
1545600,Big Arbor Vitae,1545600252018,2,1,1,45.93049091,-89.63927801
1545600,Big Arbor Vitae,1545600252118,2,1,1,45.93048136,-89.63927021
1545600,Big Arbor Vitae,1545600252218,0,1,1,45.93042159,-89.63936392
1545600,Big Arbor Vitae,1545600252318,2,1,1,45.93028078,-89.63937482
1545600,Big Arbor Vitae,1545600252418,0,1,1,45.93022085,-89.63918908
1545600,Big Arbor Vitae,1545600252518,0,1,1,45.93022202,-89.63916074
1545600,Big Arbor Vitae,1545600252618,0,1,1,45.92999152,-89.63867879
1545600,Big Arbor Vitae,1545600252718,0,0,1,45.92989085,-89.63916074
1545600,Big Arbor Vitae,1545600252818,0,0,1,45.92974828,-89.63961454
1545600,Big Arbor Vitae,1545600252918,2,1,1,45.92980108,-89.63980841
1545600,Big Arbor Vitae,1545600253018,0,0,1,45.92999043,-89.6410916
1545600,Big Arbor Vitae,1545600253118,0,0,1,45.93005656,-89.64136099
1545600,Big Arbor Vitae,1545600253218,0,0,1,45.9302563,-89.64186517
1545600,Big Arbor Vitae,1545600253318,1,1,1,45.93030693,-89.64221939
1545600,Big Arbor Vitae,1545600253418,2,1,1,45.9304195,-89.64257578
1545600,Big Arbor Vitae,1545600253518,0,0,1,45.93051019,-89.64280511
1545600,Big Arbor Vitae,1545600253618,0,0,1,45.93064346,-89.64351657
1545600,Big Arbor Vitae,1545600253718,2,1,1,45.93083918,-89.64439776
1545600,Big Arbor Vitae,1545600253818,2,1,1,45.93084522,-89.64442072
1545600,Big Arbor Vitae,1545600253918,2,1,1,45.93085008,-89.6444457
1545600,Big Arbor Vitae,1545600254018,2,1,1,45.93101948,-89.64534902
1545600,Big Arbor Vitae,1545600254118,1,0,1,45.93117714,-89.64632744
1545600,Big Arbor Vitae,1545600254218,2,1,1,45.93130438,-89.64700797
1545600,Big Arbor Vitae,1545600254318,2,1,1,45.93144427,-89.64819283
1545600,Big Arbor Vitae,1545600254418,0,0,1,45.93275461,-89.64836374
1545600,Big Arbor Vitae,1545600254518,0,0,1,45.93281614,-89.64834203
1545600,Big Arbor Vitae,1545600254618,1,0,1,45.93283516,-89.648337
1545600,Big Arbor Vitae,1545600254718,1,1,1,45.933734630000004,-89.64817892
1545600,Big Arbor Vitae,1545600254818,2,1,1,45.9345413,-89.6478242
1545600,Big Arbor Vitae,1545600254918,0,0,1,45.93476107,-89.64768916
1545600,Big Arbor Vitae,1545600255018,0,0,1,45.93488437,-89.64760719
1545600,Big Arbor Vitae,1545600255118,1,1,1,45.93528201,-89.64747618
1545600,Big Arbor Vitae,1545600255218,1,0,1,45.93533817,-89.64744131
1545600,Big Arbor Vitae,1545600255318,0,1,1,45.93544185,-89.64739923
1545600,Big Arbor Vitae,1545600255418,0,0,1,45.93557278,-89.64735062
1545600,Big Arbor Vitae,1545600255518,0,1,1,45.93579196,-89.64730888
1545600,Big Arbor Vitae,1545600255618,0,0,1,45.93611056,-89.6472186
1545600,Big Arbor Vitae,1545600255718,1,1,1,45.9371148,-89.64711651
1545600,Big Arbor Vitae,1545600255818,2,1,1,45.93721261,-89.64708349
1545600,Big Arbor Vitae,1545600255918,2,1,1,45.93732879,-89.6470689
1545600,Big Arbor Vitae,1545600256018,2,1,1,45.93840561,-89.64717594
1545600,Big Arbor Vitae,1545600256118,2,1,1,45.93894113,-89.64729572
1545600,Big Arbor Vitae,1545600256218,1,1,1,45.93931421,-89.64735883
1545600,Big Arbor Vitae,1545600256318,1,1,1,45.94008316,-89.64787625
1545600,Big Arbor Vitae,1545600256418,2,1,1,45.94050058,-89.64826869
1545600,Big Arbor Vitae,1545600256518,1,1,1,45.94056713,-89.64830448
1545600,Big Arbor Vitae,1545600256618,0,0,1,45.94113702,-89.64842652
1545600,Big Arbor Vitae,1545600256718,1,1,1,45.94124305,-89.64848846
1545600,Big Arbor Vitae,1545600256818,0,0,1,45.94214377,-89.64938181
1545600,Big Arbor Vitae,1545600256918,1,0,1,45.94246421,-89.64979503
1545600,Big Arbor Vitae,1545600257018,1,0,1,45.94263227,-89.65030893
1545600,Big Arbor Vitae,1545600257118,0,0,1,45.94270301,-89.65046785
1545600,Big Arbor Vitae,1545600257218,0,0,1,45.94277275,-89.65053356
1545600,Big Arbor Vitae,1545600257318,1,1,1,45.94283327,-89.65087655
1545600,Big Arbor Vitae,1545600257418,0,0,1,45.94284802,-89.65090555
1545600,Big Arbor Vitae,1545600257518,0,0,1,45.94294332,-89.65110135
1545600,Big Arbor Vitae,1545600257618,1,0,1,45.94303016,-89.65129321
1545600,Big Arbor Vitae,1545600257718,1,1,1,45.94311004,-89.65152916
1545600,Big Arbor Vitae,1545600257818,1,1,1,45.94312546,-89.6515704
1545600,Big Arbor Vitae,1545600257918,0,1,1,45.9431636,-89.65179437
1545600,Big Arbor Vitae,1545600258018,0,1,1,45.94316913,-89.65181482
1545600,Big Arbor Vitae,1545600258118,2,1,1,45.94326217,-89.65209754
1545600,Big Arbor Vitae,1545600258218,2,1,1,45.94327122,-89.65248697
1545600,Big Arbor Vitae,1545600258318,1,1,1,45.9434775,-89.6541361
1545600,Big Arbor Vitae,1545600258418,0,0,1,45.94332704,-89.65836947
1545600,Big Arbor Vitae,1545600258518,1,1,1,45.94300166,-89.65995993
1545600,Big Arbor Vitae,1545600258618,1,0,1,45.94296075,-89.66013327
1545600,Big Arbor Vitae,1545600258718,0,0,1,45.94198887,-89.6623383
1545600,Big Arbor Vitae,1545600258818,0,0,1,45.94176239,-89.66261557
1545600,Big Arbor Vitae,1545600258918,2,1,1,45.94141237,-89.66299075
1545600,Big Arbor Vitae,1545600259018,0,0,1,45.94121564,-89.66327447
1545600,Big Arbor Vitae,1545600259118,0,0,1,45.94119418,-89.66329015
1545600,Big Arbor Vitae,1545600259218,0,1,1,45.94109955,-89.66336927
1545600,Big Arbor Vitae,1545600259318,0,0,1,45.94098355,-89.66362978
1545600,Big Arbor Vitae,1545600259418,0,0,1,45.94068632,-89.66398451
1545600,Big Arbor Vitae,1545600259518,1,0,1,45.9406139,-89.66406782
1545600,Big Arbor Vitae,1545600259618,2,0,1,45.94054995,-89.66416053
1545600,Big Arbor Vitae,1545600259718,0,0,1,45.9398105,-89.66606791
1545600,Big Arbor Vitae,1545600259818,0,0,1,45.93979298,-89.66608258
1545600,Big Arbor Vitae,1545600259918,0,0,1,45.93976683,-89.6660944
1545600,Big Arbor Vitae,1545600260018,0,0,1,45.9397468,-89.66610136
1545600,Big Arbor Vitae,1545600260118,0,0,1,45.93968175,-89.66609423
1545600,Big Arbor Vitae,1545600260218,0,0,1,45.93964563,-89.66608518
1545600,Big Arbor Vitae,1545600260318,0,0,1,45.93962627,-89.66607604
1545600,Big Arbor Vitae,1545600260418,0,0,1,45.93960263,-89.66606749
1545600,Big Arbor Vitae,1545600260518,0,0,1,45.93956851,-89.66605467
1545600,Big Arbor Vitae,1545600260618,0,0,1,45.9395121,-89.66605391
1545600,Big Arbor Vitae,1545600260718,0,0,1,45.93949333,-89.66604847
1545600,Big Arbor Vitae,1545600260818,0,0,1,45.9394748,-89.6660431
1545600,Big Arbor Vitae,1545600260918,0,0,1,45.93945729,-89.66604578
1545600,Big Arbor Vitae,1545600261018,0,0,1,45.9380679,-89.66627578
1545600,Big Arbor Vitae,1545600261118,0,1,1,45.93805508,-89.6662969
1545600,Big Arbor Vitae,1545600261218,1,0,1,45.93803144,-89.66633999
1545600,Big Arbor Vitae,1545600261318,2,0,1,45.93795835,-89.6664741
1545600,Big Arbor Vitae,1545600261418,0,0,1,45.93795223,-89.66649732
1545600,Big Arbor Vitae,1545600261518,0,0,1,45.93794527,-89.66651877
1545600,Big Arbor Vitae,1545600261618,0,0,1,45.93793865,-89.66653411
1545600,Big Arbor Vitae,1545600261818,1,0,1,45.93793128,-89.66655532
1545600,Big Arbor Vitae,1545600261918,0,0,1,45.93791141,-89.66659765
1545600,Big Arbor Vitae,1545600262018,1,1,1,45.93780689,-89.66683645
1545600,Big Arbor Vitae,1545600262118,0,1,1,45.93773849,-89.66702077
1545600,Big Arbor Vitae,1545600262218,0,0,1,45.93762919,-89.66722403
1545600,Big Arbor Vitae,1545600262418,0,1,1,45.93751587,-89.66732956
1545600,Big Arbor Vitae,1545600262618,1,0,1,45.93731563,-89.66739275
1545600,Big Arbor Vitae,1545600262718,0,0,1,45.93714464,-89.66726443
1545600,Big Arbor Vitae,1545600262818,2,1,1,45.93703156,-89.66692831
1545600,Big Arbor Vitae,1545600263018,0,0,1,45.93697884,-89.66676529
1545600,Big Arbor Vitae,1545600263118,0,0,1,45.93697281,-89.66676671
1545600,Big Arbor Vitae,1545600263218,0,1,1,45.93696417,-89.66679839
1545600,Big Arbor Vitae,1545600263318,0,0,1,45.93692067,-89.66674609
1545600,Big Arbor Vitae,1545600263518,0,0,1,45.93687499,-89.66650084
1545600,Big Arbor Vitae,1545600263618,0,0,1,45.93685571,-89.66646295
1545600,Big Arbor Vitae,1545600263718,0,0,1,45.93682629,-89.66642188
1545600,Big Arbor Vitae,1545600263818,1,1,1,45.93681179,-89.66640428
1545600,Big Arbor Vitae,1545600263918,0,0,1,45.936656310000004,-89.66627654
1545600,Big Arbor Vitae,1545600264018,2,1,1,45.93660786,-89.66624628
1545600,Big Arbor Vitae,1545600264118,0,0,1,45.93647609,-89.6662213
1545600,Big Arbor Vitae,1545600264218,0,0,1,45.93645204,-89.66622247
1545600,Big Arbor Vitae,1545600264318,0,1,1,45.93636537,-89.66622566
1545600,Big Arbor Vitae,1545600264518,0,0,1,45.93625339,-89.66611217
1545600,Big Arbor Vitae,1545600264618,0,0,1,45.93624048,-89.66608459
1545600,Big Arbor Vitae,1545600264718,0,0,1,45.93622631,-89.66605693
1545600,Big Arbor Vitae,1545600264818,1,1,1,45.93621676,-89.66603497
1545600,Big Arbor Vitae,1545600264918,0,0,1,45.93554604,-89.66508279
1545600,Big Arbor Vitae,1545600265018,0,0,1,45.93520624,-89.66496125
1545600,Big Arbor Vitae,1545600265118,0,0,1,45.93512359,-89.66495915
1545600,Big Arbor Vitae,1545600265218,0,0,1,45.93505394,-89.66495052
1545600,Big Arbor Vitae,1545600265318,0,0,1,45.93500624,-89.66494222
1545600,Big Arbor Vitae,1545600265418,0,1,1,45.93492477,-89.66494205
1545600,Big Arbor Vitae,1545600265518,0,0,1,45.9348811,-89.66494096
1545600,Big Arbor Vitae,1545600265618,0,1,1,45.93486032,-89.66494029
1545600,Big Arbor Vitae,1545600265718,0,1,1,45.93484506,-89.6649356
1545600,Big Arbor Vitae,1545600265818,0,0,1,45.93470567,-89.66471532
1545600,Big Arbor Vitae,1545600265918,0,1,1,45.93467323,-89.66460301
1545600,Big Arbor Vitae,1545600266018,0,1,1,45.93461774,-89.66441123
1545600,Big Arbor Vitae,1545600266118,0,1,1,45.93459385,-89.66428005
1545600,Big Arbor Vitae,1545600266218,0,0,1,45.93458237,-89.66421358
1545600,Big Arbor Vitae,1545600266318,2,1,1,45.93446142,-89.66375241
1545600,Big Arbor Vitae,1545600266418,1,1,1,45.93443326,-89.6636649
1545600,Big Arbor Vitae,1545600266518,0,0,1,45.93442286,-89.6636271
1545600,Big Arbor Vitae,1545600266618,0,0,1,45.93433502,-89.6633484
1545600,Big Arbor Vitae,1545600266718,0,1,1,45.93429881,-89.6632733
1545600,Big Arbor Vitae,1545600266818,0,0,1,45.93425791,-89.66318269
1545600,Big Arbor Vitae,1545600266918,0,0,1,45.93409278,-89.66298111
1545600,Big Arbor Vitae,1545600267018,0,1,1,45.93386094,-89.66278589
1545600,Big Arbor Vitae,1545600267118,0,1,1,45.9338021,-89.66274382
1545600,Big Arbor Vitae,1545600267218,1,0,1,45.93378391,-89.66273258
1545600,Big Arbor Vitae,1545600267318,0,1,1,45.93359658,-89.66252035
1545600,Big Arbor Vitae,1545600267418,0,0,1,45.93357252,-89.66249152
1545600,Big Arbor Vitae,1545600267518,0,0,1,45.9335379,-89.66244349
1545600,Big Arbor Vitae,1545600267618,1,0,1,45.93352826,-89.66241382
1545600,Big Arbor Vitae,1545600267718,0,1,1,45.93354695,-89.66229295
1545600,Big Arbor Vitae,1545600267818,0,1,1,45.93349876,-89.66238524
1545600,Big Arbor Vitae,1545600267918,0,1,1,45.93347076,-89.66236169
1545600,Big Arbor Vitae,1545600268018,0,1,1,45.93336532,-89.66220989
1545600,Big Arbor Vitae,1545600268118,0,1,1,45.93329684,-89.66194293
1545600,Big Arbor Vitae,1545600268218,0,1,1,45.93327287,-89.66177478
1545600,Big Arbor Vitae,1545600268318,0,1,1,45.93327496,-89.66172122
1545600,Big Arbor Vitae,1545600268418,0,0,1,45.93357537,-89.66094003
1545600,Big Arbor Vitae,1545600268518,0,1,1,45.93295989,-89.66035958
1545600,Big Arbor Vitae,1545600268618,0,1,1,45.93288881,-89.66026738
1545600,Big Arbor Vitae,1545600268718,0,1,1,45.93281915,-89.66011249
1545600,Big Arbor Vitae,1545600268818,0,0,1,45.93262662,-89.65983563
1545600,Big Arbor Vitae,1545600268918,1,0,1,45.93231004,-89.65969247
1545600,Big Arbor Vitae,1545600269018,0,0,1,45.93221381,-89.65965743
1545600,Big Arbor Vitae,1545600269118,1,1,1,45.93210183,-89.65960597
1545600,Big Arbor Vitae,1545600269218,0,0,1,45.93188256,-89.65949885
1545600,Big Arbor Vitae,1545600269318,0,0,1,45.93178407,-89.65947236
1545600,Big Arbor Vitae,1545600269418,0,1,1,45.93150009,-89.6593556
1545600,Big Arbor Vitae,1545600269518,0,1,1,45.93147143,-89.65934303
1545600,Big Arbor Vitae,1545600269618,0,1,1,45.93133522,-89.65930682
1545600,Big Arbor Vitae,1545600269718,0,0,1,45.93100179,-89.65922224
1545600,Big Arbor Vitae,1545600269818,0,1,1,45.93086508,-89.65920808
1545600,Big Arbor Vitae,1545600269918,0,1,1,45.93084647,-89.65920271
1545600,Big Arbor Vitae,1545600270018,0,1,1,45.93068437,-89.65916022
1545600,Big Arbor Vitae,1545600270118,0,0,1,45.93066165,-89.65915385
1545600,Big Arbor Vitae,1545600270218,0,1,1,45.93064623,-89.65915234
1545600,Big Arbor Vitae,1545600270318,0,1,1,45.9306293,-89.65914991
1545600,Big Arbor Vitae,1545600270418,0,1,1,45.93004919,-89.65903223
1545600,Big Arbor Vitae,1545600270518,0,0,1,45.92975121,-89.65896123
1545600,Big Arbor Vitae,1545600270618,0,1,1,45.92963487,-89.65888252
1545600,Big Arbor Vitae,1545600270718,0,1,1,45.92869744,-89.65840677
1545600,Big Arbor Vitae,1545600270818,0,0,1,45.92861932,-89.65837752
1545600,Big Arbor Vitae,1545600270918,0,1,1,45.92807768,-89.65814592
1545600,Big Arbor Vitae,1545600271118,0,1,1,45.92782396,-89.65803897
1545600,Big Arbor Vitae,1545600271318,1,1,1,45.92775623,-89.65802003
1545600,Big Arbor Vitae,1545600271418,1,1,1,45.92773511,-89.65801165
1545600,Big Arbor Vitae,1545600271518,1,0,1,45.92740956,-89.65791785
1545600,Big Arbor Vitae,1545600271618,1,0,1,45.92727654,-89.65791081
1545600,Big Arbor Vitae,1545600271718,1,0,1,45.9246074,-89.65798331
1545600,Big Arbor Vitae,1545600271818,2,0,1,45.92372538,-89.6578938
1545600,Big Arbor Vitae,1545600271918,2,1,1,45.92350711,-89.65781098
1545600,Big Arbor Vitae,1545600272018,2,1,1,45.92306321,-89.65768978
1545600,Big Arbor Vitae,1545600272118,1,0,1,45.92183115,-89.65809932
1545600,Big Arbor Vitae,1545600272318,1,1,1,45.919448009999996,-89.65848581
1545600,Big Arbor Vitae,1545600272418,2,1,1,45.91806952,-89.65265653
1545600,Big Arbor Vitae,1545600272518,2,1,1,45.91807539,-89.65260473
1545600,Big Arbor Vitae,1545600272618,1,1,1,45.91811026,-89.6523728
1545600,Big Arbor Vitae,1545600272718,1,0,1,45.91811336,-89.65234078
1545600,Big Arbor Vitae,1545600272818,1,0,1,45.91811688,-89.65228505
1545600,Big Arbor Vitae,1545600272918,0,1,1,45.91812082,-89.6522563
1545600,Big Arbor Vitae,1545600273018,1,1,1,45.91820925,-89.65188355
1545600,Big Arbor Vitae,1545600273118,0,1,1,45.91971355,-89.64884436
1545600,Big Arbor Vitae,1545600273218,0,1,1,45.919864,-89.64870212
1545600,Big Arbor Vitae,1545600273318,0,1,1,45.92134424,-89.64837732
1545600,Big Arbor Vitae,1545600273418,0,1,1,45.92054151,-89.64522405
1545600,Big Arbor Vitae,1545600273518,0,1,1,45.92056322,-89.64333803
1545600,Big Arbor Vitae,1545600273618,0,0,1,45.92024446,-89.64083226
1545600,Big Arbor Vitae,1545600273718,0,1,1,45.92038628,-89.64011318
1545600,Big Arbor Vitae,1545600273818,0,0,1,45.92036935,-89.64006004
1545600,Big Arbor Vitae,1545600273918,0,0,1,45.92030598,-89.63987815
1545600,Big Arbor Vitae,1545600274118,2,1,1,45.91948983,-89.64000438
1545600,Big Arbor Vitae,1545600274218,0,0,1,45.91916646,-89.6402457
1545600,Big Arbor Vitae,1545600274318,0,0,1,45.91910427,-89.64028367
1545600,Big Arbor Vitae,1545600274418,1,0,1,45.91845794,-89.63978226
1545600,Big Arbor Vitae,1545600274518,0,0,1,45.9182048,-89.6390232
1545600,Big Arbor Vitae,1545600274618,0,1,1,45.91819659,-89.63895815
1545600,Big Arbor Vitae,1545600274718,0,0,1,45.91813783,-89.63872698
1545600,Big Arbor Vitae,1545600274818,0,0,1,45.91790046,-89.63803346
1545600,Big Arbor Vitae,1545600274918,0,0,1,45.91786793,-89.63800706
1545600,Big Arbor Vitae,1545600275018,0,0,1,45.91772879,-89.63776994
1545600,Big Arbor Vitae,1545600275118,0,0,1,45.9176832,-89.63763432
1545600,Big Arbor Vitae,1545600275218,0,0,1,45.91775511,-89.63723701
1545600,Big Arbor Vitae,1545600275318,0,0,1,45.91783122,-89.63712788
